fold,trial,objective,boosting_type,learning_rate,num_leaves,feature_fraction,bagging_fraction,bagging_freq,min_child_samples,min_child_weight,min_split_gain,reg_alpha,reg_lambda,Accuracy,MCC,PPV,NPV,Sensitivity,Specificity,AUC,OPM,n_Accuracy,n_MCC,n_PPV,n_NPV,n_Sensitivity,n_Specificity,n_OPM,TP,TN,FP,FN,n_TP,n_TN,n_FP,n_FN
4,68,binary,gbdt,0.004706345282918489,20,0.6,0.9,5,10,0.016081106827738244,0.0,0.7,0.1,0.83,0.66,0.85,0.81,0.86,0.8,0.92,0.57,0.83,0.66,0.81,0.85,0.86,0.8,0.57,301,216,53,50,301,282,69,50
4,79,binary,gbdt,0.004998100816270525,20,0.7,0.9,5,10,0.01589698441951077,0.0,0.7,0.1,0.83,0.66,0.85,0.81,0.86,0.8,0.92,0.57,0.83,0.66,0.81,0.85,0.86,0.8,0.57,301,215,54,50,301,281,70,50
4,69,binary,dart,0.004942801180809148,20,0.5,0.9,5,10,0.012697698242572424,0.0,0.7,0.1,0.83,0.65,0.83,0.82,0.87,0.77,0.92,0.56,0.82,0.64,0.79,0.86,0.87,0.77,0.56,307,206,63,44,307,269,82,44
4,52,binary,gbdt,0.0037209866834847748,20,0.6,0.7,3,20,0.03341515577734923,0.1,0.4,0.7,0.84,0.67,0.85,0.82,0.87,0.8,0.92,0.58,0.83,0.67,0.81,0.86,0.87,0.8,0.58,304,215,54,47,304,281,70,47
4,70,binary,gbdt,0.004533668348662841,20,0.6,0.8,5,10,0.011746152424369459,0.0,0.7,0.9999999999999999,0.83,0.65,0.85,0.81,0.85,0.8,0.92,0.56,0.82,0.65,0.81,0.85,0.85,0.79,0.56,300,214,55,51,300,279,72,51
0,71,binary,gbdt,0.004738680268840216,20,0.6,0.9,5,10,0.015528505983626489,0.0,0.7,0.1,0.84,0.68,0.85,0.83,0.88,0.8,0.92,0.59,0.84,0.68,0.81,0.87,0.88,0.8,0.59,308,215,53,44,308,282,70,44
4,71,binary,gbdt,0.004738680268840216,20,0.6,0.9,5,10,0.015528505983626489,0.0,0.7,0.1,0.83,0.66,0.85,0.81,0.86,0.8,0.92,0.57,0.83,0.66,0.81,0.85,0.86,0.8,0.57,301,215,54,50,301,281,70,50
0,72,binary,gbdt,0.004692038953702798,20,0.6,0.9,5,10,0.016562005546733292,0.0,0.7,0.1,0.85,0.68,0.85,0.84,0.88,0.8,0.92,0.6,0.84,0.68,0.81,0.87,0.88,0.8,0.59,310,214,54,42,310,281,71,42
4,51,binary,gbdt,0.004193992592077334,20,0.6,0.7,3,20,0.02149047243159083,0.1,0.4,0.4,0.84,0.66,0.85,0.82,0.87,0.8,0.92,0.58,0.83,0.66,0.81,0.86,0.87,0.79,0.57,304,214,55,47,304,279,72,47
4,72,binary,gbdt,0.004692038953702798,20,0.6,0.9,5,10,0.016562005546733292,0.0,0.7,0.1,0.83,0.66,0.85,0.81,0.86,0.8,0.92,0.57,0.83,0.66,0.81,0.85,0.86,0.8,0.57,301,216,53,50,301,282,69,50
0,73,binary,gbdt,0.004290187099995922,20,0.5,0.8,5,10,0.01388626820237989,0.0,0.7,0.1,0.85,0.7,0.86,0.85,0.89,0.81,0.92,0.62,0.85,0.7,0.82,0.88,0.89,0.81,0.62,314,216,52,38,314,284,68,38
4,30,binary,gbdt,0.004477490767823563,15,0.5,0.6,3,30,0.006156931710346903,0.2,0.4,0.1,0.83,0.65,0.85,0.81,0.85,0.8,0.92,0.56,0.82,0.65,0.81,0.85,0.85,0.79,0.56,300,214,55,51,300,279,72,51
4,15,binary,gbdt,0.002256713746926198,20,0.6,0.8,5,20,0.0023733153082907193,0.0,0.9999999999999999,0.4,0.83,0.66,0.84,0.82,0.87,0.79,0.92,0.57,0.83,0.66,0.81,0.86,0.87,0.79,0.57,304,213,56,47,304,278,73,47
4,73,binary,gbdt,0.004290187099995922,20,0.5,0.8,5,10,0.01388626820237989,0.0,0.7,0.1,0.83,0.66,0.85,0.82,0.86,0.8,0.92,0.57,0.83,0.66,0.81,0.85,0.86,0.79,0.57,303,214,55,48,303,279,72,48
0,74,binary,gbdt,0.004628492213230162,20,0.6,0.9,5,10,0.009773347008827515,0.0,0.7,0.1,0.84,0.68,0.85,0.83,0.88,0.8,0.92,0.59,0.84,0.68,0.81,0.87,0.88,0.8,0.59,309,214,54,43,309,281,71,43
4,74,binary,gbdt,0.004628492213230162,20,0.6,0.9,5,10,0.009773347008827515,0.0,0.7,0.1,0.83,0.66,0.85,0.81,0.86,0.8,0.92,0.57,0.83,0.66,0.81,0.85,0.86,0.8,0.57,301,215,54,50,301,281,70,50
4,14,binary,gbdt,0.002447492294278769,20,0.6,0.8,7,20,0.001976483225185461,0.0,0.9999999999999999,0.4,0.83,0.66,0.84,0.82,0.87,0.79,0.92,0.57,0.83,0.66,0.8,0.86,0.87,0.79,0.57,305,212,57,46,305,277,74,46
0,75,binary,gbdt,0.004368652469795223,20,0.5,0.9,5,10,0.013836612680750156,0.0,0.7,0.1,0.85,0.7,0.86,0.85,0.89,0.8,0.92,0.62,0.85,0.7,0.82,0.88,0.89,0.8,0.61,314,215,53,38,314,282,70,38
4,75,binary,gbdt,0.004368652469795223,20,0.5,0.9,5,10,0.013836612680750156,0.0,0.7,0.1,0.84,0.67,0.85,0.82,0.87,0.8,0.92,0.58,0.83,0.67,0.81,0.86,0.87,0.8,0.58,304,215,54,47,304,281,70,47
0,76,binary,gbdt,0.004939076228328089,20,0.6,0.8,5,10,0.011031990782834157,0.0,0.7,0.1,0.85,0.69,0.86,0.84,0.88,0.81,0.92,0.6,0.84,0.69,0.82,0.87,0.88,0.81,0.6,310,216,52,42,310,284,68,42
4,76,binary,gbdt,0.004939076228328089,20,0.6,0.8,5,10,0.011031990782834157,0.0,0.7,0.1,0.83,0.65,0.85,0.81,0.85,0.8,0.92,0.56,0.83,0.65,0.81,0.84,0.85,0.8,0.56,299,215,54,52,299,281,70,52
0,77,binary,gbdt,0.004231666476406465,20,0.5,0.8,5,10,0.00889720575354708,0.0,0.7,0.1,0.85,0.7,0.86,0.85,0.89,0.8,0.92,0.62,0.85,0.7,0.82,0.88,0.89,0.8,0.61,314,215,53,38,314,282,70,38
4,77,binary,gbdt,0.004231666476406465,20,0.5,0.8,5,10,0.00889720575354708,0.0,0.7,0.1,0.83,0.66,0.85,0.81,0.86,0.8,0.92,0.57,0.83,0.66,0.81,0.85,0.86,0.79,0.57,302,214,55,49,302,279,72,49
0,78,binary,gbdt,0.004592739988950461,20,0.5,0.8,5,10,0.018207188157605428,0.0,0.7,0.1,0.86,0.71,0.86,0.85,0.89,0.81,0.92,0.62,0.85,0.7,0.82,0.88,0.89,0.81,0.62,314,217,51,38,314,285,67,38
4,31,binary,gbdt,0.003969387151341788,20,0.5,0.7,5,30,0.009280889025481394,0.2,0.7,0.1,0.83,0.66,0.84,0.82,0.87,0.79,0.92,0.57,0.83,0.66,0.8,0.85,0.87,0.79,0.57,304,212,57,47,304,277,74,47
4,78,binary,gbdt,0.004592739988950461,20,0.5,0.8,5,10,0.018207188157605428,0.0,0.7,0.1,0.83,0.66,0.85,0.82,0.86,0.8,0.92,0.57,0.83,0.66,0.81,0.85,0.86,0.79,0.57,303,214,55,48,303,279,72,48
0,79,binary,gbdt,0.004998100816270525,20,0.7,0.9,5,10,0.01589698441951077,0.0,0.7,0.1,0.84,0.68,0.85,0.83,0.88,0.8,0.92,0.59,0.84,0.68,0.81,0.87,0.88,0.8,0.59,309,214,54,43,309,281,71,43
4,18,binary,gbdt,0.004028224093400659,20,0.5,0.7,5,20,0.0029085345962004596,0.2,0.9999999999999999,0.1,0.83,0.66,0.84,0.82,0.87,0.79,0.92,0.57,0.83,0.66,0.81,0.86,0.87,0.79,0.57,304,213,56,47,304,278,73,47
4,53,binary,gbdt,0.003501930532023668,20,0.7,0.7,1,20,0.04893499657187613,0.1,0.1,0.1,0.83,0.65,0.84,0.81,0.86,0.79,0.92,0.56,0.82,0.65,0.8,0.85,0.86,0.79,0.56,301,212,57,50,301,277,74,50
0,68,binary,gbdt,0.004706345282918489,20,0.6,0.9,5,10,0.016081106827738244,0.0,0.7,0.1,0.85,0.69,0.85,0.84,0.88,0.8,0.92,0.6,0.84,0.68,0.82,0.87,0.88,0.8,0.6,310,215,53,42,310,282,70,42
4,22,binary,gbdt,0.004020740218246234,20,0.5,0.7,5,30,0.00320286591466317,0.2,0.7,0.1,0.83,0.66,0.85,0.82,0.86,0.8,0.92,0.57,0.83,0.66,0.81,0.85,0.86,0.79,0.57,303,214,55,48,303,279,72,48
0,59,binary,gbdt,0.004650573054787844,20,0.6,0.8,5,10,0.01159430431201425,0.1,0.7,0.1,0.85,0.69,0.86,0.83,0.88,0.81,0.92,0.6,0.84,0.69,0.82,0.87,0.88,0.81,0.6,309,216,52,43,309,284,68,43
4,25,binary,gbdt,0.003615976939713256,20,0.6,0.7,3,20,0.02060308574787291,0.1,0.4,0.4,0.84,0.66,0.85,0.82,0.87,0.8,0.92,0.58,0.83,0.66,0.81,0.86,0.87,0.79,0.57,304,214,55,47,304,279,72,47
4,59,binary,gbdt,0.004650573054787844,20,0.6,0.8,5,10,0.01159430431201425,0.1,0.7,0.1,0.83,0.65,0.85,0.81,0.85,0.8,0.92,0.57,0.83,0.66,0.81,0.85,0.85,0.8,0.57,300,215,54,51,300,281,70,51
0,60,binary,gbdt,0.004709864460071347,20,0.5,0.8,5,10,0.010812842340396445,0.0,0.7,0.1,0.85,0.7,0.86,0.85,0.89,0.81,0.92,0.62,0.85,0.7,0.82,0.88,0.89,0.81,0.61,313,217,51,39,313,285,67,39
4,24,binary,gbdt,0.0028014282030494335,15,0.5,0.7,5,30,0.007198881150818282,0.2,0.9999999999999999,0.1,0.84,0.67,0.84,0.83,0.87,0.79,0.92,0.58,0.83,0.67,0.81,0.86,0.87,0.79,0.58,307,212,57,44,307,277,74,44
4,60,binary,gbdt,0.004709864460071347,20,0.5,0.8,5,10,0.010812842340396445,0.0,0.7,0.1,0.83,0.66,0.85,0.82,0.86,0.8,0.92,0.57,0.83,0.66,0.81,0.85,0.86,0.79,0.57,303,214,55,48,303,279,72,48
0,61,binary,gbdt,0.004641382007433648,20,0.5,0.8,5,10,0.011596114258996915,0.0,0.7,0.1,0.85,0.7,0.86,0.85,0.89,0.81,0.92,0.62,0.85,0.7,0.82,0.88,0.89,0.81,0.62,314,216,52,38,314,284,68,38
4,61,binary,gbdt,0.004641382007433648,20,0.5,0.8,5,10,0.011596114258996915,0.0,0.7,0.1,0.83,0.66,0.84,0.82,0.86,0.79,0.92,0.57,0.83,0.66,0.81,0.85,0.86,0.79,0.57,303,213,56,48,303,278,73,48
4,23,binary,gbdt,0.0035932193108436728,20,0.5,0.6,5,30,0.014981598150719245,0.2,0.7,0.1,0.83,0.66,0.85,0.81,0.86,0.8,0.92,0.57,0.83,0.66,0.81,0.85,0.86,0.79,0.57,302,214,55,49,302,279,72,49
0,62,binary,gbdt,0.004663411310183621,20,0.5,0.8,5,10,0.011986403359589247,0.0,0.7,0.1,0.85,0.7,0.86,0.85,0.89,0.81,0.92,0.62,0.85,0.7,0.82,0.88,0.89,0.81,0.61,313,217,51,39,313,285,67,39
4,62,binary,gbdt,0.004663411310183621,20,0.5,0.8,5,10,0.011986403359589247,0.0,0.7,0.1,0.84,0.66,0.85,0.82,0.87,0.8,0.92,0.58,0.83,0.66,0.81,0.86,0.87,0.79,0.57,304,214,55,47,304,279,72,47
4,55,binary,gbdt,0.004472901903940401,20,0.6,0.8,5,20,0.02903715604960318,0.1,0.7,0.1,0.83,0.66,0.85,0.81,0.86,0.8,0.92,0.57,0.83,0.66,0.81,0.85,0.86,0.79,0.57,302,214,55,49,302,279,72,49
4,67,binary,gbdt,0.004694758545133592,20,0.6,0.9,5,10,0.01506651794669627,0.0,0.7,0.1,0.84,0.67,0.85,0.82,0.86,0.8,0.92,0.58,0.83,0.67,0.81,0.85,0.86,0.8,0.58,303,216,53,48,303,282,69,48
4,63,binary,gbdt,0.004694740324268083,20,0.5,0.9,5,10,0.012356941808962896,0.0,0.7,0.1,0.84,0.66,0.85,0.82,0.86,0.8,0.92,0.58,0.83,0.67,0.81,0.85,0.86,0.8,0.58,303,215,54,48,303,281,70,48
0,64,binary,gbdt,0.0043362998025894325,20,0.5,0.8,5,10,0.010933664179005516,0.0,0.7,0.1,0.85,0.7,0.86,0.85,0.89,0.81,0.92,0.62,0.85,0.7,0.82,0.88,0.89,0.81,0.61,313,217,51,39,313,285,67,39
4,21,binary,gbdt,0.003910805185914944,20,0.5,0.7,5,30,0.007256427738299645,0.2,0.7,0.1,0.83,0.66,0.84,0.82,0.86,0.79,0.92,0.57,0.83,0.66,0.81,0.85,0.86,0.79,0.57,303,213,56,48,303,278,73,48
4,64,binary,gbdt,0.0043362998025894325,20,0.5,0.8,5,10,0.010933664179005516,0.0,0.7,0.1,0.83,0.66,0.85,0.81,0.86,0.8,0.92,0.57,0.83,0.66,0.81,0.85,0.86,0.79,0.57,302,214,55,49,302,279,72,49
0,65,binary,gbdt,0.004662174395744968,20,0.5,0.8,5,10,0.010544945224672787,0.0,0.7,0.1,0.85,0.7,0.86,0.85,0.89,0.81,0.92,0.62,0.85,0.7,0.82,0.88,0.89,0.81,0.61,313,217,51,39,313,285,67,39
4,65,binary,gbdt,0.004662174395744968,20,0.5,0.8,5,10,0.010544945224672787,0.0,0.7,0.1,0.84,0.67,0.85,0.82,0.87,0.8,0.92,0.58,0.83,0.67,0.81,0.86,0.87,0.79,0.58,305,214,55,46,305,279,72,46
4,54,binary,gbdt,0.004090267616480246,20,0.5,0.7,3,10,0.017545598889882937,0.1,0.4,0.4,0.84,0.67,0.85,0.82,0.87,0.8,0.92,0.58,0.83,0.67,0.81,0.86,0.87,0.8,0.58,304,215,54,47,304,281,70,47
4,28,binary,gbdt,0.0028439964909491243,20,0.6,0.7,5,10,0.0031772168194827578,0.2,0.7,0.1,0.83,0.66,0.84,0.82,0.86,0.79,0.92,0.57,0.83,0.66,0.81,0.85,0.86,0.79,0.57,303,213,56,48,303,278,73,48
4,66,binary,gbdt,0.0043479491326116676,20,0.5,0.8,7,10,0.01003768546190702,0.0,0.7,0.1,0.83,0.66,0.85,0.82,0.86,0.8,0.92,0.57,0.83,0.66,0.81,0.85,0.86,0.79,0.57,303,214,55,48,303,279,72,48
0,67,binary,gbdt,0.004694758545133592,20,0.6,0.9,5,10,0.01506651794669627,0.0,0.7,0.1,0.84,0.68,0.85,0.83,0.88,0.8,0.92,0.59,0.84,0.68,0.81,0.87,0.88,0.8,0.59,309,214,54,43,309,281,71,43
4,19,binary,gbdt,0.004043457739443902,20,0.5,0.7,5,30,0.008403294673232151,0.2,0.7,0.1,0.83,0.66,0.85,0.82,0.86,0.8,0.92,0.57,0.83,0.66,0.81,0.85,0.86,0.79,0.57,303,214,55,48,303,279,72,48
4,49,binary,gbdt,0.004973995987649795,10,0.5,0.8,5,20,0.0023643141553542552,0.1,0.4,0.1,0.83,0.66,0.85,0.81,0.86,0.8,0.92,0.57,0.83,0.66,0.81,0.85,0.86,0.8,0.57,302,215,54,49,302,281,70,49
4,26,binary,gbdt,0.004435957052527733,10,0.5,0.6,5,30,0.006498423519624841,0.2,0.7,0.1,0.83,0.66,0.85,0.81,0.85,0.8,0.92,0.57,0.83,0.66,0.81,0.84,0.85,0.8,0.57,299,216,53,52,299,282,69,52
4,96,binary,gbdt,0.004142171060469267,20,0.5,0.9,5,10,0.022449946577013137,0.0,0.7,0.1,0.83,0.66,0.85,0.81,0.86,0.8,0.92,0.57,0.83,0.66,0.81,0.85,0.86,0.8,0.57,302,215,54,49,302,281,70,49
4,85,binary,gbdt,0.0041841885983293315,20,0.6,0.8,5,10,0.009422982922931696,0.0,0.7,0.1,0.83,0.66,0.85,0.81,0.86,0.8,0.92,0.57,0.83,0.66,0.81,0.85,0.86,0.8,0.57,301,215,54,50,301,281,70,50
4,33,binary,gbdt,0.0042207518187365,20,0.5,0.7,5,30,0.00600258219906862,0.2,0.7,0.4,0.83,0.65,0.84,0.81,0.86,0.79,0.92,0.56,0.82,0.65,0.8,0.85,0.86,0.79,0.56,302,212,57,49,302,277,74,49
4,86,binary,gbdt,0.004045457130578751,20,0.5,0.8,5,10,0.023719320282452085,0.0,0.7,0.1,0.83,0.66,0.85,0.82,0.86,0.8,0.92,0.57,0.83,0.66,0.81,0.85,0.86,0.79,0.57,303,214,55,48,303,279,72,48
4,46,binary,gbdt,0.003305940160264824,20,0.6,0.7,5,20,0.004990598369268039,0.2,0.7,0.1,0.83,0.66,0.84,0.82,0.86,0.79,0.92,0.57,0.83,0.66,0.81,0.85,0.86,0.79,0.57,303,213,56,48,303,278,73,48
0,93,binary,gbdt,0.004815583727855788,20,0.6,0.9,5,10,0.01350588833214403,0.0,0.7,0.1,0.85,0.69,0.86,0.83,0.88,0.81,0.92,0.6,0.84,0.69,0.82,0.87,0.88,0.81,0.6,309,216,52,43,309,284,68,43
4,87,binary,gbdt,0.004443092927617124,20,0.7,0.9,5,10,0.006787275838721423,0.0,0.7,0.1,0.84,0.67,0.86,0.81,0.86,0.81,0.92,0.58,0.83,0.67,0.82,0.85,0.86,0.81,0.58,301,218,51,50,301,284,67,50
0,88,binary,gbdt,0.004842111915913908,20,0.5,0.8,5,10,0.008005897080838839,0.0,0.7,0.1,0.86,0.71,0.86,0.85,0.89,0.81,0.92,0.62,0.85,0.7,0.83,0.88,0.89,0.81,0.62,313,218,50,39,313,286,66,39
4,6,binary,gbdt,0.004298643092911157,15,0.7,0.8,5,30,0.004542591917927929,0.1,0.7,0.1,0.83,0.66,0.85,0.81,0.85,0.8,0.92,0.57,0.83,0.66,0.81,0.84,0.85,0.8,0.57,299,216,53,52,299,282,69,52
4,41,binary,gbdt,0.003991419847248982,20,0.5,0.7,5,30,0.003221014601688198,0.2,0.7,0.1,0.83,0.66,0.85,0.82,0.86,0.8,0.92,0.57,0.83,0.66,0.81,0.85,0.86,0.79,0.57,303,214,55,48,303,279,72,48
4,88,binary,gbdt,0.004842111915913908,20,0.5,0.8,5,10,0.008005897080838839,0.0,0.7,0.1,0.83,0.66,0.85,0.81,0.86,0.8,0.92,0.57,0.83,0.66,0.81,0.85,0.86,0.79,0.57,302,214,55,49,302,279,72,49
0,96,binary,gbdt,0.004142171060469267,20,0.5,0.9,5,10,0.022449946577013137,0.0,0.7,0.1,0.85,0.69,0.85,0.84,0.88,0.8,0.92,0.6,0.84,0.69,0.82,0.87,0.88,0.8,0.6,311,215,53,41,311,282,70,41
4,95,binary,gbdt,0.004988417804946296,20,0.6,0.9,5,10,0.0102018516648273,0.0,0.7,0.1,0.84,0.66,0.85,0.82,0.86,0.8,0.92,0.58,0.83,0.67,0.81,0.85,0.86,0.8,0.58,303,215,54,48,303,281,70,48
0,91,binary,gbdt,0.004677439177050696,20,0.6,0.9,5,10,0.016531379275677847,0.0,0.7,0.1,0.85,0.69,0.85,0.84,0.88,0.8,0.92,0.6,0.84,0.68,0.82,0.87,0.88,0.8,0.6,310,215,53,42,310,282,70,42
4,90,binary,gbdt,0.0038499108811824163,20,0.5,0.9,5,10,0.019957887261862883,0.0,0.7,0.1,0.83,0.66,0.85,0.81,0.86,0.8,0.92,0.57,0.83,0.66,0.81,0.85,0.86,0.8,0.57,302,215,54,49,302,281,70,49
4,42,binary,gbdt,0.004131065821448132,20,0.5,0.7,5,30,0.0020216437733513743,0.2,0.7,0.1,0.83,0.65,0.84,0.81,0.86,0.79,0.92,0.57,0.83,0.65,0.81,0.85,0.86,0.79,0.57,302,213,56,49,302,278,73,49
0,95,binary,gbdt,0.004988417804946296,20,0.6,0.9,5,10,0.0102018516648273,0.0,0.7,0.1,0.85,0.69,0.85,0.84,0.88,0.8,0.92,0.6,0.84,0.69,0.82,0.87,0.88,0.8,0.6,311,215,53,41,311,282,70,41
0,86,binary,gbdt,0.004045457130578751,20,0.5,0.8,5,10,0.023719320282452085,0.0,0.7,0.1,0.85,0.7,0.86,0.85,0.89,0.8,0.92,0.61,0.85,0.69,0.82,0.88,0.89,0.8,0.61,313,215,53,39,313,282,70,39
0,97,binary,gbdt,0.004513970019640387,20,0.7,0.8,5,10,0.008794090243964317,0.0,0.7,0.1,0.85,0.69,0.85,0.84,0.88,0.8,0.92,0.6,0.84,0.68,0.82,0.87,0.88,0.8,0.6,310,215,53,42,310,282,70,42
4,94,binary,gbdt,0.004344875486223216,20,0.6,0.8,5,10,0.014983960681136672,0.0,0.7,0.1,0.83,0.65,0.85,0.81,0.86,0.8,0.92,0.57,0.83,0.65,0.81,0.85,0.86,0.79,0.57,301,214,55,50,301,279,72,50
0,81,binary,gbdt,0.004724090947771987,20,0.6,0.9,5,10,0.015676811568709103,0.0,0.7,0.1,0.85,0.68,0.85,0.83,0.88,0.8,0.92,0.6,0.84,0.68,0.82,0.87,0.88,0.8,0.59,309,215,53,43,309,282,70,43
4,81,binary,gbdt,0.004724090947771987,20,0.6,0.9,5,10,0.015676811568709103,0.0,0.7,0.1,0.84,0.66,0.85,0.82,0.86,0.8,0.92,0.58,0.83,0.66,0.81,0.85,0.86,0.8,0.58,302,216,53,49,302,282,69,49
0,82,binary,gbdt,0.004775019780451891,20,0.6,0.9,5,10,0.01071268716488402,0.0,0.7,0.1,0.85,0.68,0.86,0.83,0.88,0.81,0.92,0.6,0.84,0.68,0.82,0.87,0.88,0.81,0.6,308,216,52,44,308,284,68,44
4,32,binary,gbdt,0.003872907565795822,20,0.5,0.7,5,30,0.007804287057804024,0.2,0.7,0.1,0.83,0.65,0.84,0.82,0.86,0.79,0.92,0.57,0.83,0.65,0.8,0.85,0.86,0.79,0.57,303,212,57,48,303,277,74,48
4,82,binary,gbdt,0.004775019780451891,20,0.6,0.9,5,10,0.01071268716488402,0.0,0.7,0.1,0.83,0.66,0.85,0.81,0.86,0.8,0.92,0.57,0.83,0.66,0.81,0.85,0.86,0.8,0.57,302,215,54,49,302,281,70,49
0,83,binary,gbdt,0.004555677588960811,20,0.6,0.9,5,10,0.01481657684723192,0.0,0.7,0.1,0.85,0.68,0.85,0.84,0.88,0.8,0.92,0.6,0.84,0.68,0.81,0.87,0.88,0.8,0.59,310,214,54,42,310,281,71,42
4,39,binary,gbdt,0.002872934527983262,20,0.6,0.7,1,20,0.025229162806327966,0.2,0.1,0.1,0.83,0.66,0.84,0.82,0.87,0.79,0.92,0.57,0.83,0.66,0.8,0.86,0.87,0.79,0.57,305,212,57,46,305,277,74,46
4,93,binary,gbdt,0.004815583727855788,20,0.6,0.9,5,10,0.01350588833214403,0.0,0.7,0.1,0.83,0.66,0.85,0.81,0.86,0.8,0.92,0.57,0.83,0.66,0.81,0.85,0.86,0.8,0.57,301,215,54,50,301,281,70,50
4,35,binary,gbdt,0.0036808741168067533,20,0.6,0.8,5,30,0.0040356095198998305,0.2,0.7,0.4,0.83,0.66,0.85,0.81,0.86,0.8,0.92,0.57,0.83,0.66,0.81,0.85,0.86,0.79,0.57,302,214,55,49,302,279,72,49
4,83,binary,gbdt,0.004555677588960811,20,0.6,0.9,5,10,0.01481657684723192,0.0,0.7,0.1,0.83,0.66,0.85,0.81,0.86,0.8,0.92,0.57,0.83,0.66,0.81,0.85,0.86,0.8,0.57,302,215,54,49,302,281,70,49
0,92,binary,gbdt,0.004622440571736612,20,0.6,0.9,5,10,0.012199758147912944,0.0,0.7,0.1,0.84,0.68,0.85,0.83,0.88,0.8,0.92,0.59,0.84,0.68,0.81,0.87,0.88,0.8,0.59,309,214,54,43,309,281,71,43
0,84,binary,gbdt,0.004774102336959872,20,0.6,0.9,5,10,0.011473831555112472,0.0,0.7,0.1,0.85,0.69,0.86,0.84,0.88,0.81,0.92,0.61,0.85,0.69,0.82,0.87,0.88,0.81,0.61,311,216,52,41,311,284,68,41
4,47,binary,gbdt,0.004718781109220948,15,0.6,0.8,3,30,0.00391812654376432,0.1,0.9999999999999999,0.1,0.83,0.66,0.85,0.81,0.85,0.8,0.92,0.57,0.83,0.66,0.81,0.85,0.85,0.8,0.57,300,216,53,51,300,282,69,51
4,97,binary,gbdt,0.004513970019640387,20,0.7,0.8,5,10,0.008794090243964317,0.0,0.7,0.1,0.83,0.66,0.85,0.81,0.86,0.8,0.92,0.57,0.83,0.66,0.81,0.85,0.86,0.8,0.57,301,216,53,50,301,282,69,50
4,84,binary,gbdt,0.004774102336959872,20,0.6,0.9,5,10,0.011473831555112472,0.0,0.7,0.1,0.83,0.66,0.85,0.81,0.86,0.8,0.92,0.57,0.83,0.66,0.81,0.85,0.86,0.8,0.57,301,215,54,50,301,281,70,50
4,91,binary,gbdt,0.004677439177050696,20,0.6,0.9,5,10,0.016531379275677847,0.0,0.7,0.1,0.83,0.66,0.85,0.81,0.86,0.8,0.92,0.57,0.83,0.66,0.81,0.85,0.86,0.8,0.57,301,216,53,50,301,282,69,50
4,92,binary,gbdt,0.004622440571736612,20,0.6,0.9,5,10,0.012199758147912944,0.0,0.7,0.1,0.83,0.66,0.85,0.81,0.86,0.8,0.92,0.57,0.83,0.66,0.81,0.85,0.86,0.8,0.57,302,215,54,49,302,281,70,49
1,42,binary,gbdt,0.004131065821448132,20,0.5,0.7,5,30,0.0020216437733513743,0.2,0.7,0.1,0.85,0.69,0.86,0.83,0.87,0.82,0.91,0.6,0.84,0.69,0.83,0.86,0.87,0.82,0.6,306,219,49,46,306,288,64,46
1,55,binary,gbdt,0.004472901903940401,20,0.6,0.8,5,20,0.02903715604960318,0.1,0.7,0.1,0.85,0.69,0.86,0.83,0.87,0.82,0.91,0.61,0.85,0.69,0.83,0.86,0.87,0.82,0.6,307,219,49,45,307,288,64,45
0,49,binary,gbdt,0.004973995987649795,10,0.5,0.8,5,20,0.0023643141553542552,0.1,0.4,0.1,0.84,0.68,0.85,0.83,0.88,0.79,0.91,0.59,0.84,0.68,0.81,0.87,0.88,0.8,0.59,309,213,55,43,309,280,72,43
0,56,binary,gbdt,0.0012487136577793642,20,0.5,0.6,3,30,0.005304989303525122,0.1,0.4,0.1,0.85,0.68,0.83,0.88,0.92,0.75,0.91,0.6,0.83,0.68,0.78,0.9,0.92,0.75,0.59,324,200,68,28,324,263,89,28
0,42,binary,gbdt,0.004131065821448132,20,0.5,0.7,5,30,0.0020216437733513743,0.2,0.7,0.1,0.84,0.68,0.85,0.83,0.88,0.8,0.91,0.59,0.84,0.68,0.81,0.87,0.88,0.8,0.59,309,214,54,43,309,281,71,43
4,56,binary,gbdt,0.0012487136577793642,20,0.5,0.6,3,30,0.005304989303525122,0.1,0.4,0.1,0.82,0.64,0.82,0.83,0.88,0.75,0.91,0.55,0.82,0.64,0.78,0.86,0.88,0.75,0.55,309,202,67,42,309,264,87,42
0,57,binary,gbdt,0.0038348319643373057,20,0.7,0.5,5,20,0.01917526022928056,0.2,0.7,0.4,0.84,0.67,0.85,0.83,0.87,0.8,0.91,0.59,0.84,0.67,0.81,0.86,0.87,0.8,0.58,307,214,54,45,307,281,71,45
1,41,binary,gbdt,0.003991419847248982,20,0.5,0.7,5,30,0.003221014601688198,0.2,0.7,0.1,0.85,0.69,0.86,0.83,0.87,0.82,0.91,0.6,0.84,0.69,0.83,0.86,0.87,0.82,0.6,306,219,49,46,306,288,64,46
1,57,binary,gbdt,0.0038348319643373057,20,0.7,0.5,5,20,0.01917526022928056,0.2,0.7,0.4,0.85,0.7,0.87,0.83,0.87,0.83,0.91,0.61,0.85,0.7,0.84,0.86,0.87,0.83,0.61,306,222,46,46,306,292,60,46
0,41,binary,gbdt,0.003991419847248982,20,0.5,0.7,5,30,0.003221014601688198,0.2,0.7,0.1,0.84,0.68,0.85,0.83,0.88,0.8,0.91,0.59,0.84,0.68,0.81,0.87,0.88,0.8,0.59,309,214,54,43,309,281,71,43
4,57,binary,gbdt,0.0038348319643373057,20,0.7,0.5,5,20,0.01917526022928056,0.2,0.7,0.4,0.83,0.64,0.84,0.8,0.85,0.79,0.91,0.56,0.82,0.65,0.8,0.84,0.85,0.79,0.56,299,213,56,52,299,278,73,52
1,39,binary,gbdt,0.002872934527983262,20,0.6,0.7,1,20,0.025229162806327966,0.2,0.1,0.1,0.85,0.69,0.86,0.83,0.88,0.82,0.91,0.61,0.85,0.69,0.83,0.87,0.88,0.82,0.61,308,219,49,44,308,288,64,44
0,43,binary,gbdt,0.004495078519221168,20,0.5,0.6,5,30,0.0036592299721074075,0.2,0.7,0.1,0.84,0.67,0.85,0.82,0.87,0.79,0.91,0.58,0.83,0.67,0.81,0.86,0.87,0.8,0.58,306,213,55,46,306,280,72,46
1,44,binary,gbdt,0.0037990402325491545,20,0.9,0.7,5,40,0.0017031061923088243,0.2,0.7,0.1,0.85,0.68,0.87,0.82,0.86,0.82,0.91,0.6,0.84,0.69,0.83,0.86,0.86,0.82,0.6,303,221,47,49,303,290,62,49
0,55,binary,gbdt,0.004472901903940401,20,0.6,0.8,5,20,0.02903715604960318,0.1,0.7,0.1,0.84,0.68,0.85,0.83,0.88,0.8,0.91,0.59,0.84,0.68,0.81,0.87,0.88,0.8,0.59,308,215,53,44,308,282,70,44
1,43,binary,gbdt,0.004495078519221168,20,0.5,0.6,5,30,0.0036592299721074075,0.2,0.7,0.1,0.85,0.69,0.87,0.83,0.87,0.82,0.91,0.61,0.85,0.69,0.83,0.86,0.87,0.82,0.61,306,221,47,46,306,290,62,46
4,48,binary,dart,0.0034374258170566893,20,0.5,0.6,7,40,0.0030790007665954817,0.2,0.7,0.9999999999999999,0.83,0.65,0.83,0.82,0.87,0.77,0.91,0.56,0.82,0.64,0.79,0.86,0.87,0.77,0.56,306,207,62,45,306,270,81,45
0,58,binary,gbdt,0.0020536720781438606,15,0.5,0.7,3,30,0.002260367604495256,0.2,0.7,0.1,0.83,0.66,0.83,0.84,0.89,0.76,0.91,0.57,0.82,0.65,0.79,0.87,0.89,0.76,0.56,312,204,64,40,312,268,84,40
0,48,binary,dart,0.0034374258170566893,20,0.5,0.6,7,40,0.0030790007665954817,0.2,0.7,0.9999999999999999,0.83,0.66,0.82,0.85,0.9,0.74,0.91,0.57,0.82,0.65,0.78,0.88,0.9,0.74,0.56,318,198,70,34,318,260,92,34
4,50,binary,gbdt,0.0026089797305536176,15,0.7,0.7,5,30,0.007929552295171179,0.2,0.9999999999999999,0.4,0.84,0.66,0.85,0.82,0.86,0.8,0.91,0.58,0.83,0.67,0.81,0.85,0.86,0.8,0.58,303,215,54,48,303,281,70,48
0,51,binary,gbdt,0.004193992592077334,20,0.6,0.7,3,20,0.02149047243159083,0.1,0.4,0.4,0.84,0.68,0.85,0.83,0.88,0.8,0.91,0.59,0.84,0.68,0.81,0.87,0.88,0.8,0.59,309,214,54,43,309,281,71,43
1,47,binary,gbdt,0.004718781109220948,15,0.6,0.8,3,30,0.00391812654376432,0.1,0.9999999999999999,0.1,0.85,0.7,0.87,0.83,0.88,0.82,0.91,0.62,0.85,0.7,0.83,0.87,0.88,0.82,0.61,308,221,47,44,308,290,62,44
0,47,binary,gbdt,0.004718781109220948,15,0.6,0.8,3,30,0.00391812654376432,0.1,0.9999999999999999,0.1,0.84,0.68,0.85,0.83,0.88,0.8,0.91,0.59,0.84,0.68,0.81,0.87,0.88,0.8,0.59,309,214,54,43,309,281,71,43
1,51,binary,gbdt,0.004193992592077334,20,0.6,0.7,3,20,0.02149047243159083,0.1,0.4,0.4,0.85,0.69,0.86,0.83,0.88,0.81,0.91,0.6,0.84,0.69,0.82,0.87,0.88,0.81,0.6,308,218,50,44,308,286,66,44
1,46,binary,gbdt,0.003305940160264824,20,0.6,0.7,5,20,0.004990598369268039,0.2,0.7,0.1,0.85,0.68,0.86,0.82,0.87,0.82,0.91,0.6,0.84,0.69,0.83,0.86,0.87,0.82,0.6,305,219,49,47,305,288,64,47
0,52,binary,gbdt,0.0037209866834847748,20,0.6,0.7,3,20,0.03341515577734923,0.1,0.4,0.7,0.84,0.68,0.85,0.83,0.88,0.8,0.91,0.59,0.84,0.68,0.81,0.87,0.88,0.8,0.59,309,214,54,43,309,281,71,43
0,46,binary,gbdt,0.003305940160264824,20,0.6,0.7,5,20,0.004990598369268039,0.2,0.7,0.1,0.85,0.68,0.85,0.83,0.88,0.8,0.91,0.6,0.84,0.68,0.82,0.87,0.88,0.8,0.59,309,215,53,43,309,282,70,43
1,52,binary,gbdt,0.0037209866834847748,20,0.6,0.7,3,20,0.03341515577734923,0.1,0.4,0.7,0.85,0.69,0.86,0.83,0.87,0.82,0.91,0.61,0.85,0.69,0.83,0.86,0.87,0.82,0.6,306,220,48,46,306,289,63,46
4,45,binary,gbdt,0.0031675542545420207,5,0.5,0.8,7,30,0.0014276957652649314,0.1,0.4,0.1,0.83,0.64,0.83,0.82,0.87,0.77,0.91,0.56,0.82,0.64,0.79,0.86,0.87,0.77,0.55,306,206,63,45,306,269,82,45
4,44,binary,gbdt,0.0037990402325491545,20,0.9,0.7,5,40,0.0017031061923088243,0.2,0.7,0.1,0.83,0.65,0.84,0.8,0.85,0.8,0.91,0.56,0.82,0.64,0.81,0.84,0.85,0.79,0.56,298,214,55,53,298,279,72,53
0,53,binary,gbdt,0.003501930532023668,20,0.7,0.7,1,20,0.04893499657187613,0.1,0.1,0.1,0.85,0.69,0.85,0.84,0.88,0.8,0.91,0.6,0.84,0.68,0.82,0.87,0.88,0.8,0.6,310,215,53,42,310,282,70,42
1,53,binary,gbdt,0.003501930532023668,20,0.7,0.7,1,20,0.04893499657187613,0.1,0.1,0.1,0.85,0.69,0.86,0.83,0.87,0.82,0.91,0.61,0.85,0.69,0.83,0.87,0.87,0.82,0.61,307,220,48,45,307,289,63,45
1,49,binary,gbdt,0.004973995987649795,10,0.5,0.8,5,20,0.0023643141553542552,0.1,0.4,0.1,0.84,0.67,0.85,0.82,0.86,0.81,0.91,0.58,0.84,0.67,0.82,0.86,0.86,0.81,0.58,304,216,52,48,304,284,68,48
0,44,binary,gbdt,0.0037990402325491545,20,0.9,0.7,5,40,0.0017031061923088243,0.2,0.7,0.1,0.84,0.66,0.85,0.82,0.87,0.79,0.91,0.58,0.83,0.66,0.81,0.86,0.87,0.8,0.58,305,213,55,47,305,280,72,47
0,54,binary,gbdt,0.004090267616480246,20,0.5,0.7,3,10,0.017545598889882937,0.1,0.4,0.4,0.85,0.69,0.85,0.84,0.89,0.8,0.91,0.6,0.84,0.69,0.81,0.88,0.89,0.8,0.6,312,214,54,40,312,281,71,40
4,43,binary,gbdt,0.004495078519221168,20,0.5,0.6,5,30,0.0036592299721074075,0.2,0.7,0.1,0.83,0.66,0.85,0.81,0.86,0.8,0.91,0.57,0.83,0.66,0.81,0.85,0.86,0.8,0.57,301,215,54,50,301,281,70,50
1,54,binary,gbdt,0.004090267616480246,20,0.5,0.7,3,10,0.017545598889882937,0.1,0.4,0.4,0.85,0.69,0.86,0.83,0.88,0.81,0.91,0.6,0.84,0.69,0.82,0.87,0.88,0.81,0.6,309,217,51,43,309,285,67,43
1,50,binary,gbdt,0.0026089797305536176,15,0.7,0.7,5,30,0.007929552295171179,0.2,0.9999999999999999,0.4,0.85,0.69,0.86,0.83,0.87,0.82,0.91,0.6,0.84,0.69,0.83,0.86,0.87,0.82,0.6,306,219,49,46,306,288,64,46
0,50,binary,gbdt,0.0026089797305536176,15,0.7,0.7,5,30,0.007929552295171179,0.2,0.9999999999999999,0.4,0.84,0.67,0.85,0.83,0.87,0.8,0.91,0.59,0.84,0.67,0.81,0.86,0.87,0.8,0.58,307,214,54,45,307,281,71,45
1,58,binary,gbdt,0.0020536720781438606,15,0.5,0.7,3,30,0.002260367604495256,0.2,0.7,0.1,0.85,0.68,0.85,0.84,0.88,0.79,0.91,0.6,0.84,0.68,0.81,0.87,0.88,0.8,0.59,311,213,55,41,311,280,72,41
4,80,binary,dart,0.00437450861068609,20,0.5,0.8,7,10,0.013269255617699774,0.0,0.7,0.1,0.83,0.65,0.83,0.83,0.88,0.76,0.91,0.56,0.82,0.64,0.79,0.86,0.88,0.76,0.55,308,205,64,43,308,267,84,43
1,82,binary,gbdt,0.004775019780451891,20,0.6,0.9,5,10,0.01071268716488402,0.0,0.7,0.1,0.85,0.69,0.86,0.83,0.88,0.82,0.91,0.61,0.85,0.69,0.83,0.87,0.88,0.82,0.61,308,219,49,44,308,288,64,44
1,83,binary,gbdt,0.004555677588960811,20,0.6,0.9,5,10,0.01481657684723192,0.0,0.7,0.1,0.85,0.7,0.87,0.84,0.88,0.82,0.91,0.62,0.85,0.7,0.83,0.87,0.88,0.82,0.61,309,220,48,43,309,289,63,43
1,84,binary,gbdt,0.004774102336959872,20,0.6,0.9,5,10,0.011473831555112472,0.0,0.7,0.1,0.85,0.7,0.87,0.84,0.88,0.82,0.91,0.62,0.85,0.7,0.83,0.87,0.88,0.82,0.61,309,220,48,43,309,289,63,43
0,85,binary,gbdt,0.0041841885983293315,20,0.6,0.8,5,10,0.009422982922931696,0.0,0.7,0.1,0.85,0.69,0.86,0.83,0.88,0.81,0.91,0.6,0.84,0.69,0.82,0.87,0.88,0.81,0.6,309,216,52,43,309,284,68,43
1,85,binary,gbdt,0.0041841885983293315,20,0.6,0.8,5,10,0.009422982922931696,0.0,0.7,0.1,0.85,0.69,0.86,0.83,0.87,0.82,0.91,0.61,0.85,0.69,0.83,0.87,0.87,0.82,0.61,307,220,48,45,307,289,63,45
1,86,binary,gbdt,0.004045457130578751,20,0.5,0.8,5,10,0.023719320282452085,0.0,0.7,0.1,0.84,0.68,0.86,0.83,0.87,0.81,0.91,0.59,0.84,0.68,0.82,0.86,0.87,0.81,0.59,306,217,51,46,306,285,67,46
0,87,binary,gbdt,0.004443092927617124,20,0.7,0.9,5,10,0.006787275838721423,0.0,0.7,0.1,0.85,0.69,0.85,0.84,0.88,0.8,0.91,0.6,0.84,0.69,0.82,0.87,0.88,0.8,0.6,311,215,53,41,311,282,70,41
1,87,binary,gbdt,0.004443092927617124,20,0.7,0.9,5,10,0.006787275838721423,0.0,0.7,0.1,0.85,0.69,0.87,0.83,0.87,0.82,0.91,0.61,0.85,0.69,0.83,0.86,0.87,0.82,0.61,306,221,47,46,306,290,62,46
1,88,binary,gbdt,0.004842111915913908,20,0.5,0.8,5,10,0.008005897080838839,0.0,0.7,0.1,0.85,0.69,0.86,0.83,0.88,0.81,0.91,0.6,0.84,0.69,0.82,0.87,0.88,0.81,0.6,308,218,50,44,308,286,66,44
0,89,binary,gbdt,0.0017508367483744954,20,0.6,0.8,5,10,0.016857586301346927,0.0,0.7,0.7,0.85,0.68,0.85,0.84,0.89,0.79,0.91,0.6,0.84,0.68,0.81,0.88,0.89,0.79,0.59,313,211,57,39,313,277,75,39
1,89,binary,gbdt,0.0017508367483744954,20,0.6,0.8,5,10,0.016857586301346927,0.0,0.7,0.7,0.84,0.67,0.84,0.83,0.88,0.79,0.91,0.59,0.83,0.67,0.81,0.87,0.88,0.79,0.58,310,211,57,42,310,277,75,42
4,89,binary,gbdt,0.0017508367483744954,20,0.6,0.8,5,10,0.016857586301346927,0.0,0.7,0.7,0.84,0.66,0.84,0.83,0.87,0.78,0.91,0.58,0.83,0.66,0.8,0.86,0.87,0.78,0.57,307,211,58,44,307,275,76,44
0,90,binary,gbdt,0.0038499108811824163,20,0.5,0.9,5,10,0.019957887261862883,0.0,0.7,0.1,0.85,0.7,0.86,0.85,0.89,0.81,0.91,0.62,0.85,0.7,0.82,0.88,0.89,0.81,0.61,313,216,52,39,313,284,68,39
1,90,binary,gbdt,0.0038499108811824163,20,0.5,0.9,5,10,0.019957887261862883,0.0,0.7,0.1,0.85,0.68,0.86,0.83,0.87,0.81,0.91,0.6,0.84,0.68,0.82,0.86,0.87,0.81,0.6,307,217,51,45,307,285,67,45
1,91,binary,gbdt,0.004677439177050696,20,0.6,0.9,5,10,0.016531379275677847,0.0,0.7,0.1,0.85,0.69,0.86,0.83,0.88,0.81,0.91,0.6,0.84,0.69,0.82,0.87,0.88,0.81,0.6,308,218,50,44,308,286,66,44
1,92,binary,gbdt,0.004622440571736612,20,0.6,0.9,5,10,0.012199758147912944,0.0,0.7,0.1,0.85,0.69,0.86,0.83,0.87,0.82,0.91,0.61,0.85,0.69,0.83,0.87,0.87,0.82,0.61,307,220,48,45,307,289,63,45
1,93,binary,gbdt,0.004815583727855788,20,0.6,0.9,5,10,0.01350588833214403,0.0,0.7,0.1,0.85,0.69,0.86,0.83,0.87,0.82,0.91,0.61,0.85,0.69,0.83,0.87,0.87,0.82,0.61,307,220,48,45,307,289,63,45
0,94,binary,gbdt,0.004344875486223216,20,0.6,0.8,5,10,0.014983960681136672,0.0,0.7,0.1,0.85,0.69,0.86,0.83,0.88,0.81,0.91,0.6,0.84,0.69,0.82,0.87,0.88,0.81,0.6,308,217,51,44,308,285,67,44
1,94,binary,gbdt,0.004344875486223216,20,0.6,0.8,5,10,0.014983960681136672,0.0,0.7,0.1,0.85,0.69,0.86,0.83,0.87,0.82,0.91,0.61,0.85,0.69,0.83,0.86,0.87,0.82,0.6,307,219,49,45,307,288,64,45
1,95,binary,gbdt,0.004988417804946296,20,0.6,0.9,5,10,0.0102018516648273,0.0,0.7,0.1,0.85,0.69,0.86,0.83,0.88,0.82,0.91,0.61,0.85,0.69,0.83,0.87,0.88,0.82,0.61,308,219,49,44,308,288,64,44
1,96,binary,gbdt,0.004142171060469267,20,0.5,0.9,5,10,0.022449946577013137,0.0,0.7,0.1,0.85,0.69,0.86,0.83,0.87,0.81,0.91,0.6,0.84,0.69,0.82,0.86,0.87,0.81,0.6,307,218,50,45,307,286,66,45
1,97,binary,gbdt,0.004513970019640387,20,0.7,0.8,5,10,0.008794090243964317,0.0,0.7,0.1,0.85,0.7,0.87,0.83,0.87,0.82,0.91,0.61,0.85,0.7,0.83,0.87,0.87,0.82,0.61,307,221,47,45,307,290,62,45
0,98,binary,dart,0.004249541773187868,20,0.6,0.8,5,10,0.017927760164937988,0.0,0.7,0.1,0.84,0.68,0.84,0.84,0.89,0.78,0.91,0.59,0.84,0.67,0.8,0.87,0.89,0.78,0.59,312,210,58,40,312,276,76,40
1,98,binary,dart,0.004249541773187868,20,0.6,0.8,5,10,0.017927760164937988,0.0,0.7,0.1,0.84,0.67,0.85,0.82,0.87,0.79,0.91,0.58,0.83,0.66,0.81,0.86,0.87,0.79,0.58,307,212,56,45,307,278,74,45
4,98,binary,dart,0.004249541773187868,20,0.6,0.8,5,10,0.017927760164937988,0.0,0.7,0.1,0.83,0.66,0.84,0.82,0.87,0.78,0.91,0.57,0.83,0.66,0.8,0.86,0.87,0.78,0.57,306,211,58,45,306,275,76,45
1,81,binary,gbdt,0.004724090947771987,20,0.6,0.9,5,10,0.015676811568709103,0.0,0.7,0.1,0.85,0.69,0.86,0.83,0.87,0.82,0.91,0.61,0.85,0.69,0.83,0.86,0.87,0.82,0.6,307,219,49,45,307,288,64,45
0,80,binary,dart,0.00437450861068609,20,0.5,0.8,7,10,0.013269255617699774,0.0,0.7,0.1,0.85,0.68,0.84,0.86,0.9,0.77,0.91,0.6,0.84,0.68,0.8,0.89,0.9,0.77,0.59,317,207,61,35,317,272,80,35
4,58,binary,gbdt,0.0020536720781438606,15,0.5,0.7,3,30,0.002260367604495256,0.2,0.7,0.1,0.83,0.65,0.84,0.82,0.87,0.78,0.91,0.57,0.82,0.65,0.8,0.86,0.87,0.78,0.56,306,209,60,45,306,273,78,45
1,79,binary,gbdt,0.004998100816270525,20,0.7,0.9,5,10,0.01589698441951077,0.0,0.7,0.1,0.85,0.69,0.86,0.83,0.87,0.82,0.91,0.6,0.84,0.69,0.83,0.86,0.87,0.82,0.6,306,219,49,46,306,288,64,46
1,59,binary,gbdt,0.004650573054787844,20,0.6,0.8,5,10,0.01159430431201425,0.1,0.7,0.1,0.85,0.69,0.86,0.83,0.87,0.82,0.91,0.6,0.84,0.69,0.83,0.86,0.87,0.82,0.6,306,219,49,46,306,288,64,46
1,60,binary,gbdt,0.004709864460071347,20,0.5,0.8,5,10,0.010812842340396445,0.0,0.7,0.1,0.85,0.68,0.86,0.83,0.87,0.81,0.91,0.6,0.84,0.68,0.82,0.86,0.87,0.81,0.6,306,218,50,46,306,286,66,46
1,61,binary,gbdt,0.004641382007433648,20,0.5,0.8,5,10,0.011596114258996915,0.0,0.7,0.1,0.85,0.68,0.86,0.83,0.87,0.81,0.91,0.6,0.84,0.68,0.82,0.86,0.87,0.81,0.6,306,218,50,46,306,286,66,46
1,62,binary,gbdt,0.004663411310183621,20,0.5,0.8,5,10,0.011986403359589247,0.0,0.7,0.1,0.85,0.69,0.86,0.83,0.87,0.82,0.91,0.6,0.84,0.69,0.83,0.86,0.87,0.82,0.6,306,219,49,46,306,288,64,46
0,63,binary,gbdt,0.004694740324268083,20,0.5,0.9,5,10,0.012356941808962896,0.0,0.7,0.1,0.85,0.7,0.86,0.85,0.89,0.81,0.91,0.62,0.85,0.7,0.82,0.88,0.89,0.81,0.62,314,216,52,38,314,284,68,38
1,63,binary,gbdt,0.004694740324268083,20,0.5,0.9,5,10,0.012356941808962896,0.0,0.7,0.1,0.85,0.69,0.86,0.83,0.88,0.81,0.91,0.6,0.84,0.69,0.82,0.87,0.88,0.81,0.6,308,217,51,44,308,285,67,44
1,64,binary,gbdt,0.0043362998025894325,20,0.5,0.8,5,10,0.010933664179005516,0.0,0.7,0.1,0.85,0.68,0.86,0.83,0.87,0.81,0.91,0.6,0.84,0.68,0.82,0.86,0.87,0.81,0.6,306,218,50,46,306,286,66,46
1,65,binary,gbdt,0.004662174395744968,20,0.5,0.8,5,10,0.010544945224672787,0.0,0.7,0.1,0.85,0.69,0.86,0.83,0.87,0.82,0.91,0.6,0.84,0.69,0.83,0.86,0.87,0.82,0.6,306,219,49,46,306,288,64,46
0,66,binary,gbdt,0.0043479491326116676,20,0.5,0.8,7,10,0.01003768546190702,0.0,0.7,0.1,0.85,0.7,0.86,0.85,0.89,0.8,0.91,0.61,0.85,0.69,0.82,0.88,0.89,0.8,0.61,313,215,53,39,313,282,70,39
1,66,binary,gbdt,0.0043479491326116676,20,0.5,0.8,7,10,0.01003768546190702,0.0,0.7,0.1,0.85,0.69,0.86,0.83,0.87,0.82,0.91,0.61,0.85,0.69,0.83,0.86,0.87,0.82,0.6,307,219,49,45,307,288,64,45
1,67,binary,gbdt,0.004694758545133592,20,0.6,0.9,5,10,0.01506651794669627,0.0,0.7,0.1,0.85,0.69,0.86,0.83,0.87,0.81,0.91,0.6,0.84,0.69,0.82,0.86,0.87,0.81,0.6,307,218,50,45,307,286,66,45
1,68,binary,gbdt,0.004706345282918489,20,0.6,0.9,5,10,0.016081106827738244,0.0,0.7,0.1,0.85,0.69,0.86,0.83,0.87,0.82,0.91,0.61,0.85,0.69,0.83,0.86,0.87,0.82,0.6,307,219,49,45,307,288,64,45
4,38,binary,dart,0.0010718571822031452,10,0.5,0.7,3,30,0.011045790609629869,0.2,0.4,0.4,0.81,0.62,0.8,0.83,0.89,0.72,0.91,0.53,0.8,0.61,0.76,0.86,0.89,0.72,0.52,311,193,76,40,311,252,99,40
0,69,binary,dart,0.004942801180809148,20,0.5,0.9,5,10,0.012697698242572424,0.0,0.7,0.1,0.84,0.68,0.84,0.85,0.9,0.77,0.91,0.59,0.84,0.68,0.8,0.88,0.9,0.77,0.59,316,207,61,36,316,272,80,36
1,69,binary,dart,0.004942801180809148,20,0.5,0.9,5,10,0.012697698242572424,0.0,0.7,0.1,0.84,0.67,0.84,0.83,0.88,0.79,0.91,0.58,0.83,0.66,0.8,0.86,0.88,0.79,0.58,308,211,57,44,308,277,75,44
0,70,binary,gbdt,0.004533668348662841,20,0.6,0.8,5,10,0.011746152424369459,0.0,0.7,0.9999999999999999,0.84,0.68,0.85,0.83,0.88,0.8,0.91,0.59,0.84,0.68,0.81,0.86,0.88,0.8,0.59,308,214,54,44,308,281,71,44
1,70,binary,gbdt,0.004533668348662841,20,0.6,0.8,5,10,0.011746152424369459,0.0,0.7,0.9999999999999999,0.85,0.69,0.86,0.83,0.87,0.82,0.91,0.61,0.85,0.69,0.83,0.86,0.87,0.82,0.6,307,219,49,45,307,288,64,45
1,71,binary,gbdt,0.004738680268840216,20,0.6,0.9,5,10,0.015528505983626489,0.0,0.7,0.1,0.85,0.69,0.86,0.83,0.87,0.82,0.91,0.61,0.85,0.69,0.83,0.87,0.87,0.82,0.61,307,220,48,45,307,289,63,45
1,72,binary,gbdt,0.004692038953702798,20,0.6,0.9,5,10,0.016562005546733292,0.0,0.7,0.1,0.85,0.69,0.86,0.83,0.87,0.82,0.91,0.61,0.85,0.69,0.83,0.86,0.87,0.82,0.6,307,219,49,45,307,288,64,45
1,73,binary,gbdt,0.004290187099995922,20,0.5,0.8,5,10,0.01388626820237989,0.0,0.7,0.1,0.85,0.68,0.86,0.83,0.87,0.81,0.91,0.6,0.84,0.68,0.82,0.86,0.87,0.81,0.6,306,218,50,46,306,286,66,46
1,74,binary,gbdt,0.004628492213230162,20,0.6,0.9,5,10,0.009773347008827515,0.0,0.7,0.1,0.85,0.69,0.86,0.83,0.88,0.82,0.91,0.61,0.85,0.69,0.83,0.87,0.88,0.82,0.61,308,219,49,44,308,288,64,44
1,75,binary,gbdt,0.004368652469795223,20,0.5,0.9,5,10,0.013836612680750156,0.0,0.7,0.1,0.85,0.68,0.86,0.83,0.87,0.81,0.91,0.6,0.84,0.68,0.82,0.86,0.87,0.81,0.6,307,217,51,45,307,285,67,45
1,76,binary,gbdt,0.004939076228328089,20,0.6,0.8,5,10,0.011031990782834157,0.0,0.7,0.1,0.85,0.69,0.86,0.83,0.88,0.82,0.91,0.61,0.85,0.69,0.83,0.87,0.88,0.82,0.61,308,219,49,44,308,288,64,44
1,77,binary,gbdt,0.004231666476406465,20,0.5,0.8,5,10,0.00889720575354708,0.0,0.7,0.1,0.85,0.68,0.86,0.82,0.87,0.82,0.91,0.6,0.84,0.69,0.83,0.86,0.87,0.82,0.6,305,219,49,47,305,288,64,47
1,78,binary,gbdt,0.004592739988950461,20,0.5,0.8,5,10,0.018207188157605428,0.0,0.7,0.1,0.84,0.68,0.86,0.82,0.86,0.81,0.91,0.59,0.84,0.68,0.82,0.86,0.86,0.81,0.59,304,218,50,48,304,286,66,48
0,39,binary,gbdt,0.002872934527983262,20,0.6,0.7,1,20,0.025229162806327966,0.2,0.1,0.1,0.85,0.69,0.85,0.84,0.88,0.8,0.91,0.6,0.84,0.68,0.81,0.87,0.88,0.8,0.6,311,214,54,41,311,281,71,41
4,99,binary,gbdt,0.003951080725542105,5,0.5,0.9,5,10,0.027518419204939304,0.0,0.7,0.1,0.83,0.66,0.84,0.82,0.87,0.78,0.91,0.57,0.83,0.66,0.8,0.86,0.87,0.78,0.57,306,211,58,45,306,275,76,45
0,23,binary,gbdt,0.0035932193108436728,20,0.5,0.6,5,30,0.014981598150719245,0.2,0.7,0.1,0.84,0.68,0.85,0.84,0.88,0.79,0.91,0.59,0.84,0.68,0.81,0.87,0.88,0.79,0.59,311,212,56,41,311,278,74,41
0,17,binary,gbdt,0.0025808517117786524,10,0.8,0.6,7,10,0.0025804215092136806,0.0,0.9999999999999999,0.4,0.84,0.67,0.85,0.83,0.88,0.79,0.91,0.59,0.84,0.67,0.81,0.86,0.88,0.8,0.58,308,213,55,44,308,280,72,44
4,27,binary,gbdt,0.0018766389406196077,15,0.8,0.8,3,20,0.0036290930789808773,0.1,0.9999999999999999,0.4,0.84,0.66,0.85,0.82,0.86,0.8,0.91,0.58,0.83,0.67,0.81,0.85,0.86,0.8,0.58,303,215,54,48,303,281,70,48
0,32,binary,gbdt,0.003872907565795822,20,0.5,0.7,5,30,0.007804287057804024,0.2,0.7,0.1,0.84,0.68,0.85,0.83,0.88,0.8,0.91,0.59,0.84,0.68,0.81,0.87,0.88,0.8,0.59,309,214,54,43,309,281,71,43
1,11,binary,gbdt,0.004912781788816002,15,0.7,0.9,7,40,0.0014113277523368935,0.1,0.7,0.1,0.85,0.7,0.87,0.83,0.87,0.82,0.91,0.61,0.85,0.7,0.83,0.87,0.87,0.82,0.61,307,221,47,45,307,290,62,45
0,11,binary,gbdt,0.004912781788816002,15,0.7,0.9,7,40,0.0014113277523368935,0.1,0.7,0.1,0.84,0.68,0.85,0.83,0.88,0.8,0.91,0.59,0.84,0.68,0.81,0.87,0.88,0.8,0.59,308,215,53,44,308,282,70,44
1,32,binary,gbdt,0.003872907565795822,20,0.5,0.7,5,30,0.007804287057804024,0.2,0.7,0.1,0.85,0.69,0.86,0.83,0.87,0.82,0.91,0.6,0.84,0.69,0.83,0.86,0.87,0.82,0.6,306,219,49,46,306,288,64,46
4,16,binary,gbdt,0.001783830046784028,20,0.6,0.8,3,20,0.010497360192219966,0.0,0.9999999999999999,0.7,0.83,0.66,0.84,0.83,0.87,0.78,0.91,0.57,0.83,0.66,0.8,0.86,0.87,0.78,0.57,307,209,60,44,307,273,78,44
4,10,binary,gbdt,0.004593444805837145,15,0.7,0.9,7,40,0.0010866574115857802,0.1,0.7,0.1,0.83,0.65,0.85,0.81,0.85,0.8,0.91,0.56,0.82,0.65,0.81,0.85,0.85,0.79,0.56,300,214,55,51,300,279,72,51
1,10,binary,gbdt,0.004593444805837145,15,0.7,0.9,7,40,0.0010866574115857802,0.1,0.7,0.1,0.85,0.7,0.87,0.83,0.87,0.82,0.91,0.61,0.85,0.7,0.83,0.87,0.87,0.82,0.61,307,221,47,45,307,290,62,45
1,19,binary,gbdt,0.004043457739443902,20,0.5,0.7,5,30,0.008403294673232151,0.2,0.7,0.1,0.85,0.69,0.86,0.83,0.87,0.82,0.91,0.6,0.84,0.69,0.83,0.86,0.87,0.82,0.6,306,219,49,46,306,288,64,46
0,33,binary,gbdt,0.0042207518187365,20,0.5,0.7,5,30,0.00600258219906862,0.2,0.7,0.4,0.84,0.68,0.85,0.83,0.88,0.8,0.91,0.59,0.84,0.68,0.81,0.87,0.88,0.8,0.59,309,214,54,43,309,281,71,43
1,33,binary,gbdt,0.0042207518187365,20,0.5,0.7,5,30,0.00600258219906862,0.2,0.7,0.4,0.85,0.68,0.86,0.83,0.87,0.81,0.91,0.6,0.84,0.68,0.82,0.86,0.87,0.81,0.6,306,218,50,46,306,286,66,46
0,10,binary,gbdt,0.004593444805837145,15,0.7,0.9,7,40,0.0010866574115857802,0.1,0.7,0.1,0.84,0.68,0.85,0.83,0.88,0.8,0.91,0.59,0.84,0.68,0.81,0.87,0.88,0.8,0.59,308,215,53,44,308,282,70,44
1,17,binary,gbdt,0.0025808517117786524,10,0.8,0.6,7,10,0.0025804215092136806,0.0,0.9999999999999999,0.4,0.85,0.69,0.86,0.83,0.87,0.82,0.91,0.61,0.85,0.69,0.83,0.86,0.87,0.82,0.6,307,219,49,45,307,288,64,45
4,17,binary,gbdt,0.0025808517117786524,10,0.8,0.6,7,10,0.0025804215092136806,0.0,0.9999999999999999,0.4,0.83,0.65,0.85,0.8,0.84,0.8,0.91,0.56,0.82,0.65,0.81,0.84,0.84,0.8,0.56,296,216,53,55,296,282,69,55
0,34,binary,dart,0.0030829551511927706,20,0.5,0.7,5,30,0.014346505836854638,0.2,0.9999999999999999,0.1,0.85,0.68,0.83,0.87,0.91,0.75,0.91,0.6,0.83,0.68,0.79,0.9,0.91,0.75,0.59,322,202,66,30,322,265,87,30
0,18,binary,gbdt,0.004028224093400659,20,0.5,0.7,5,20,0.0029085345962004596,0.2,0.9999999999999999,0.1,0.85,0.69,0.85,0.84,0.89,0.8,0.91,0.6,0.84,0.69,0.81,0.88,0.89,0.8,0.6,312,214,54,40,312,281,71,40
4,11,binary,gbdt,0.004912781788816002,15,0.7,0.9,7,40,0.0014113277523368935,0.1,0.7,0.1,0.83,0.65,0.85,0.81,0.86,0.8,0.91,0.57,0.83,0.65,0.81,0.85,0.86,0.79,0.57,301,214,55,50,301,279,72,50
0,28,binary,gbdt,0.0028439964909491243,20,0.6,0.7,5,10,0.0031772168194827578,0.2,0.7,0.1,0.85,0.68,0.86,0.83,0.88,0.81,0.91,0.6,0.84,0.68,0.82,0.87,0.88,0.81,0.6,308,216,52,44,308,284,68,44
0,12,binary,gbdt,0.004948608450723505,15,0.7,0.8,7,40,0.0010847531983318138,0.1,0.7,0.1,0.84,0.67,0.85,0.83,0.87,0.8,0.91,0.59,0.84,0.67,0.81,0.86,0.87,0.8,0.58,307,214,54,45,307,281,71,45
1,31,binary,gbdt,0.003969387151341788,20,0.5,0.7,5,30,0.009280889025481394,0.2,0.7,0.1,0.85,0.69,0.86,0.83,0.87,0.82,0.91,0.61,0.85,0.69,0.83,0.86,0.87,0.82,0.6,307,219,49,45,307,288,64,45
1,15,binary,gbdt,0.002256713746926198,20,0.6,0.8,5,20,0.0023733153082907193,0.0,0.9999999999999999,0.4,0.85,0.68,0.85,0.84,0.88,0.8,0.91,0.6,0.84,0.68,0.81,0.87,0.88,0.8,0.59,310,214,54,42,310,281,71,42
1,14,binary,gbdt,0.002447492294278769,20,0.6,0.8,7,20,0.001976483225185461,0.0,0.9999999999999999,0.4,0.85,0.69,0.86,0.83,0.88,0.81,0.91,0.6,0.84,0.69,0.82,0.87,0.88,0.81,0.6,309,216,52,43,309,284,68,43
0,14,binary,gbdt,0.002447492294278769,20,0.6,0.8,7,20,0.001976483225185461,0.0,0.9999999999999999,0.4,0.84,0.68,0.85,0.83,0.88,0.8,0.91,0.59,0.84,0.68,0.81,0.86,0.88,0.8,0.59,308,214,54,44,308,281,71,44
4,13,binary,gbdt,0.0022821529758991982,15,0.8,0.9,5,40,0.0018992681845587463,0.1,0.7,0.7,0.84,0.66,0.85,0.81,0.86,0.81,0.91,0.58,0.83,0.66,0.82,0.85,0.86,0.81,0.58,301,217,52,50,301,283,68,50
1,13,binary,gbdt,0.0022821529758991982,15,0.8,0.9,5,40,0.0018992681845587463,0.1,0.7,0.7,0.84,0.67,0.85,0.82,0.87,0.8,0.91,0.58,0.83,0.67,0.81,0.86,0.87,0.8,0.58,305,215,53,47,305,282,70,47
4,29,binary,dart,0.0035882006603218256,20,0.7,0.8,5,40,0.008601450186923616,0.2,0.9999999999999999,0.7,0.83,0.65,0.84,0.82,0.86,0.79,0.91,0.57,0.83,0.65,0.8,0.85,0.86,0.79,0.57,303,212,57,48,303,277,74,48
0,30,binary,gbdt,0.004477490767823563,15,0.5,0.6,3,30,0.006156931710346903,0.2,0.4,0.1,0.84,0.67,0.85,0.83,0.88,0.79,0.91,0.59,0.83,0.67,0.81,0.87,0.88,0.79,0.58,309,212,56,43,309,278,74,43
1,28,binary,gbdt,0.0028439964909491243,20,0.6,0.7,5,10,0.0031772168194827578,0.2,0.7,0.1,0.85,0.69,0.86,0.83,0.88,0.81,0.91,0.6,0.84,0.69,0.82,0.87,0.88,0.81,0.6,309,217,51,43,309,285,67,43
0,13,binary,gbdt,0.0022821529758991982,15,0.8,0.9,5,40,0.0018992681845587463,0.1,0.7,0.7,0.84,0.66,0.85,0.82,0.87,0.79,0.91,0.58,0.83,0.66,0.81,0.86,0.87,0.8,0.58,305,213,55,47,305,280,72,47
1,30,binary,gbdt,0.004477490767823563,15,0.5,0.6,3,30,0.006156931710346903,0.2,0.4,0.1,0.85,0.69,0.86,0.83,0.88,0.82,0.91,0.61,0.85,0.69,0.83,0.87,0.88,0.82,0.61,308,219,49,44,308,288,64,44
4,12,binary,gbdt,0.004948608450723505,15,0.7,0.8,7,40,0.0010847531983318138,0.1,0.7,0.1,0.83,0.65,0.84,0.81,0.85,0.79,0.91,0.56,0.82,0.65,0.8,0.84,0.85,0.79,0.56,300,213,56,51,300,278,73,51
0,16,binary,gbdt,0.001783830046784028,20,0.6,0.8,3,20,0.010497360192219966,0.0,0.9999999999999999,0.7,0.83,0.66,0.84,0.83,0.88,0.78,0.91,0.57,0.83,0.66,0.8,0.86,0.88,0.78,0.57,309,208,60,43,309,273,79,43
1,16,binary,gbdt,0.001783830046784028,20,0.6,0.8,3,20,0.010497360192219966,0.0,0.9999999999999999,0.7,0.84,0.68,0.85,0.84,0.88,0.79,0.91,0.59,0.84,0.68,0.81,0.87,0.88,0.8,0.59,310,213,55,42,310,280,72,42
1,12,binary,gbdt,0.004948608450723505,15,0.7,0.8,7,40,0.0010847531983318138,0.1,0.7,0.1,0.85,0.7,0.87,0.83,0.87,0.83,0.91,0.62,0.85,0.7,0.84,0.87,0.87,0.83,0.62,307,222,46,45,307,292,60,45
0,31,binary,gbdt,0.003969387151341788,20,0.5,0.7,5,30,0.009280889025481394,0.2,0.7,0.1,0.84,0.68,0.85,0.83,0.88,0.8,0.91,0.59,0.84,0.68,0.81,0.87,0.88,0.8,0.59,309,214,54,43,309,281,71,43
0,19,binary,gbdt,0.004043457739443902,20,0.5,0.7,5,30,0.008403294673232151,0.2,0.7,0.1,0.84,0.68,0.85,0.83,0.88,0.8,0.91,0.59,0.84,0.68,0.81,0.87,0.88,0.8,0.59,309,214,54,43,309,281,71,43
1,18,binary,gbdt,0.004028224093400659,20,0.5,0.7,5,20,0.0029085345962004596,0.2,0.9999999999999999,0.1,0.85,0.68,0.86,0.83,0.87,0.81,0.91,0.6,0.84,0.68,0.82,0.86,0.87,0.81,0.6,306,218,50,46,306,286,66,46
0,25,binary,gbdt,0.003615976939713256,20,0.6,0.7,3,20,0.02060308574787291,0.1,0.4,0.4,0.84,0.67,0.85,0.83,0.88,0.79,0.91,0.59,0.84,0.67,0.81,0.86,0.88,0.8,0.58,308,213,55,44,308,280,72,44
1,21,binary,gbdt,0.003910805185914944,20,0.5,0.7,5,30,0.007256427738299645,0.2,0.7,0.1,0.85,0.69,0.86,0.83,0.87,0.82,0.91,0.6,0.84,0.69,0.83,0.86,0.87,0.82,0.6,306,219,49,46,306,288,64,46
4,3,binary,dart,0.0021435913583115196,10,0.5,0.7,5,10,0.04324315059769658,0.0,0.1,0.4,0.82,0.63,0.82,0.82,0.88,0.74,0.91,0.54,0.81,0.63,0.77,0.86,0.88,0.74,0.54,308,200,69,43,308,261,90,43
4,36,binary,gbdt,0.004850441289814548,20,0.5,0.6,7,20,0.0028076759637862374,0.1,0.4,0.1,0.84,0.66,0.85,0.82,0.87,0.8,0.91,0.58,0.83,0.66,0.81,0.86,0.87,0.79,0.57,304,214,55,47,304,279,72,47
4,20,binary,gbdt,0.004283734026447106,15,0.7,0.5,3,20,0.012499994922112182,0.2,0.4,0.1,0.83,0.65,0.85,0.8,0.85,0.8,0.91,0.56,0.82,0.65,0.81,0.84,0.85,0.8,0.56,297,216,53,54,297,282,69,54
0,21,binary,gbdt,0.003910805185914944,20,0.5,0.7,5,30,0.007256427738299645,0.2,0.7,0.1,0.84,0.68,0.85,0.83,0.88,0.79,0.91,0.59,0.84,0.68,0.81,0.87,0.88,0.8,0.59,309,213,55,43,309,280,72,43
1,24,binary,gbdt,0.0028014282030494335,15,0.5,0.7,5,30,0.007198881150818282,0.2,0.9999999999999999,0.1,0.84,0.67,0.85,0.83,0.88,0.79,0.91,0.59,0.84,0.67,0.81,0.86,0.88,0.8,0.58,308,213,55,44,308,280,72,44
4,2,binary,gbdt,0.0013389793258751861,20,0.8,0.8,1,30,0.0050219070458047774,0.2,0.9999999999999999,0.1,0.83,0.65,0.84,0.82,0.87,0.78,0.91,0.56,0.82,0.65,0.8,0.85,0.87,0.78,0.56,304,210,59,47,304,274,77,47
0,24,binary,gbdt,0.0028014282030494335,15,0.5,0.7,5,30,0.007198881150818282,0.2,0.9999999999999999,0.1,0.84,0.67,0.84,0.83,0.88,0.78,0.91,0.58,0.83,0.67,0.8,0.87,0.88,0.78,0.58,310,209,59,42,310,275,77,42
1,36,binary,gbdt,0.004850441289814548,20,0.5,0.6,7,20,0.0028076759637862374,0.1,0.4,0.1,0.85,0.7,0.86,0.84,0.88,0.82,0.91,0.61,0.85,0.7,0.83,0.87,0.88,0.82,0.61,309,219,49,43,309,288,64,43
4,1,binary,dart,0.003007758792262021,20,0.5,0.9,1,30,0.004348900050479972,0.2,0.4,0.4,0.83,0.64,0.83,0.83,0.88,0.76,0.91,0.56,0.82,0.64,0.78,0.86,0.88,0.76,0.55,308,204,65,43,308,266,85,43
0,22,binary,gbdt,0.004020740218246234,20,0.5,0.7,5,30,0.00320286591466317,0.2,0.7,0.1,0.85,0.68,0.85,0.84,0.88,0.8,0.91,0.6,0.84,0.68,0.81,0.87,0.88,0.8,0.59,310,214,54,42,310,281,71,42
1,22,binary,gbdt,0.004020740218246234,20,0.5,0.7,5,30,0.00320286591466317,0.2,0.7,0.1,0.85,0.69,0.86,0.83,0.87,0.82,0.91,0.6,0.84,0.69,0.83,0.86,0.87,0.82,0.6,306,219,49,46,306,288,64,46
0,1,binary,dart,0.003007758792262021,20,0.5,0.9,1,30,0.004348900050479972,0.2,0.4,0.4,0.84,0.67,0.83,0.86,0.91,0.75,0.91,0.59,0.83,0.67,0.79,0.89,0.91,0.75,0.58,319,202,66,33,319,265,87,33
4,37,binary,gbdt,0.0014667387396235223,15,0.6,0.7,5,40,0.005409191808021579,0.1,0.9999999999999999,0.1,0.83,0.66,0.84,0.83,0.88,0.77,0.91,0.57,0.83,0.66,0.79,0.87,0.88,0.77,0.57,309,208,61,42,309,271,80,42
1,23,binary,gbdt,0.0035932193108436728,20,0.5,0.6,5,30,0.014981598150719245,0.2,0.7,0.1,0.85,0.68,0.86,0.83,0.87,0.81,0.91,0.6,0.84,0.68,0.82,0.86,0.87,0.81,0.6,306,218,50,46,306,286,66,46
1,25,binary,gbdt,0.003615976939713256,20,0.6,0.7,3,20,0.02060308574787291,0.1,0.4,0.4,0.85,0.69,0.86,0.83,0.87,0.82,0.91,0.6,0.84,0.69,0.83,0.86,0.87,0.82,0.6,306,219,49,46,306,288,64,46
0,15,binary,gbdt,0.002256713746926198,20,0.6,0.8,5,20,0.0023733153082907193,0.0,0.9999999999999999,0.4,0.84,0.68,0.85,0.84,0.88,0.79,0.91,0.59,0.84,0.68,0.81,0.87,0.88,0.8,0.59,310,213,55,42,310,280,72,42
0,36,binary,gbdt,0.004850441289814548,20,0.5,0.6,7,20,0.0028076759637862374,0.1,0.4,0.1,0.85,0.69,0.86,0.83,0.88,0.81,0.91,0.6,0.84,0.69,0.82,0.87,0.88,0.81,0.6,309,216,52,43,309,284,68,43
1,26,binary,gbdt,0.004435957052527733,10,0.5,0.6,5,30,0.006498423519624841,0.2,0.7,0.1,0.85,0.69,0.86,0.83,0.87,0.82,0.91,0.6,0.84,0.69,0.83,0.86,0.87,0.82,0.6,306,219,49,46,306,288,64,46
4,4,binary,gbdt,0.00399033131253107,5,0.6,0.6,5,30,0.004362705344191273,0.1,0.1,0.9999999999999999,0.83,0.65,0.84,0.81,0.86,0.79,0.91,0.56,0.82,0.65,0.8,0.85,0.86,0.79,0.56,302,212,57,49,302,277,74,49
1,20,binary,gbdt,0.004283734026447106,15,0.7,0.5,3,20,0.012499994922112182,0.2,0.4,0.1,0.85,0.7,0.87,0.83,0.87,0.83,0.91,0.61,0.85,0.7,0.84,0.86,0.87,0.83,0.61,306,222,46,46,306,292,60,46
0,20,binary,gbdt,0.004283734026447106,15,0.7,0.5,3,20,0.012499994922112182,0.2,0.4,0.1,0.83,0.66,0.84,0.82,0.87,0.79,0.91,0.57,0.83,0.66,0.8,0.86,0.87,0.79,0.57,305,212,56,47,305,278,74,47
1,6,binary,gbdt,0.004298643092911157,15,0.7,0.8,5,30,0.004542591917927929,0.1,0.7,0.1,0.85,0.69,0.86,0.83,0.87,0.82,0.91,0.6,0.84,0.69,0.83,0.86,0.87,0.82,0.6,306,219,49,46,306,288,64,46
1,35,binary,gbdt,0.0036808741168067533,20,0.6,0.8,5,30,0.0040356095198998305,0.2,0.7,0.4,0.85,0.69,0.86,0.83,0.87,0.82,0.91,0.61,0.85,0.69,0.83,0.86,0.87,0.82,0.6,306,220,48,46,306,289,63,46
0,35,binary,gbdt,0.0036808741168067533,20,0.6,0.8,5,30,0.0040356095198998305,0.2,0.7,0.4,0.84,0.68,0.85,0.83,0.88,0.8,0.91,0.59,0.84,0.68,0.81,0.87,0.88,0.8,0.59,308,215,53,44,308,282,70,44
0,6,binary,gbdt,0.004298643092911157,15,0.7,0.8,5,30,0.004542591917927929,0.1,0.7,0.1,0.85,0.69,0.86,0.84,0.88,0.81,0.91,0.6,0.84,0.69,0.82,0.87,0.88,0.81,0.6,310,216,52,42,310,284,68,42
0,26,binary,gbdt,0.004435957052527733,10,0.5,0.6,5,30,0.006498423519624841,0.2,0.7,0.1,0.84,0.67,0.85,0.83,0.88,0.79,0.91,0.59,0.83,0.67,0.81,0.87,0.88,0.79,0.58,309,212,56,43,309,278,74,43
4,34,binary,dart,0.0030829551511927706,20,0.5,0.7,5,30,0.014346505836854638,0.2,0.9999999999999999,0.1,0.83,0.65,0.83,0.83,0.88,0.76,0.91,0.56,0.82,0.65,0.79,0.86,0.88,0.76,0.56,309,205,64,42,309,267,84,42
3,64,binary,gbdt,0.0043362998025894325,20,0.5,0.8,5,10,0.010933664179005516,0.0,0.7,0.1,0.81,0.61,0.81,0.81,0.87,0.73,0.9,0.52,0.8,0.6,0.76,0.85,0.87,0.73,0.51,304,197,72,47,304,257,94,47
3,74,binary,gbdt,0.004628492213230162,20,0.6,0.9,5,10,0.009773347008827515,0.0,0.7,0.1,0.81,0.61,0.81,0.81,0.87,0.74,0.9,0.53,0.8,0.61,0.77,0.85,0.87,0.74,0.52,304,199,70,47,304,260,91,47
3,63,binary,gbdt,0.004694740324268083,20,0.5,0.9,5,10,0.012356941808962896,0.0,0.7,0.1,0.81,0.61,0.81,0.81,0.87,0.74,0.9,0.53,0.8,0.61,0.77,0.85,0.87,0.74,0.52,305,198,71,46,305,258,93,46
3,73,binary,gbdt,0.004290187099995922,20,0.5,0.8,5,10,0.01388626820237989,0.0,0.7,0.1,0.81,0.61,0.81,0.81,0.87,0.74,0.9,0.52,0.8,0.61,0.77,0.85,0.87,0.74,0.52,304,198,71,47,304,258,93,47
3,70,binary,gbdt,0.004533668348662841,20,0.6,0.8,5,10,0.011746152424369459,0.0,0.7,0.9999999999999999,0.81,0.61,0.81,0.81,0.87,0.73,0.9,0.52,0.8,0.61,0.76,0.85,0.87,0.73,0.52,305,197,72,46,305,257,94,46
3,67,binary,gbdt,0.004694758545133592,20,0.6,0.9,5,10,0.01506651794669627,0.0,0.7,0.1,0.81,0.62,0.82,0.81,0.87,0.74,0.9,0.53,0.8,0.61,0.77,0.85,0.87,0.74,0.53,304,200,69,47,304,261,90,47
3,21,binary,gbdt,0.003910805185914944,20,0.5,0.7,5,30,0.007256427738299645,0.2,0.7,0.1,0.81,0.61,0.81,0.81,0.87,0.74,0.9,0.52,0.8,0.61,0.77,0.85,0.87,0.74,0.52,304,198,71,47,304,258,93,47
3,66,binary,gbdt,0.0043479491326116676,20,0.5,0.8,7,10,0.01003768546190702,0.0,0.7,0.1,0.82,0.63,0.81,0.82,0.88,0.74,0.9,0.54,0.81,0.62,0.77,0.86,0.88,0.74,0.53,308,199,70,43,308,260,91,43
3,65,binary,gbdt,0.004662174395744968,20,0.5,0.8,5,10,0.010544945224672787,0.0,0.7,0.1,0.81,0.61,0.81,0.81,0.87,0.74,0.9,0.52,0.8,0.61,0.77,0.85,0.87,0.74,0.52,304,198,71,47,304,258,93,47
3,71,binary,gbdt,0.004738680268840216,20,0.6,0.9,5,10,0.015528505983626489,0.0,0.7,0.1,0.81,0.61,0.81,0.81,0.87,0.74,0.9,0.52,0.8,0.61,0.77,0.85,0.87,0.74,0.52,304,198,71,47,304,258,93,47
3,20,binary,gbdt,0.004283734026447106,15,0.7,0.5,3,20,0.012499994922112182,0.2,0.4,0.1,0.8,0.6,0.81,0.8,0.86,0.73,0.9,0.51,0.8,0.6,0.76,0.84,0.86,0.73,0.51,303,196,73,48,303,256,95,48
3,19,binary,gbdt,0.004043457739443902,20,0.5,0.7,5,30,0.008403294673232151,0.2,0.7,0.1,0.81,0.61,0.81,0.81,0.87,0.74,0.9,0.52,0.8,0.61,0.77,0.85,0.87,0.74,0.52,304,198,71,47,304,258,93,47
3,72,binary,gbdt,0.004692038953702798,20,0.6,0.9,5,10,0.016562005546733292,0.0,0.7,0.1,0.81,0.61,0.81,0.81,0.87,0.74,0.9,0.53,0.8,0.61,0.77,0.85,0.87,0.74,0.52,304,199,70,47,304,260,91,47
3,68,binary,gbdt,0.004706345282918489,20,0.6,0.9,5,10,0.016081106827738244,0.0,0.7,0.1,0.81,0.62,0.82,0.81,0.87,0.74,0.9,0.53,0.8,0.61,0.77,0.85,0.87,0.74,0.53,304,200,69,47,304,261,90,47
1,38,binary,dart,0.0010718571822031452,10,0.5,0.7,3,30,0.011045790609629869,0.2,0.4,0.4,0.81,0.61,0.8,0.84,0.89,0.7,0.9,0.53,0.8,0.61,0.75,0.87,0.89,0.7,0.52,315,188,80,37,315,247,105,37
3,75,binary,gbdt,0.004368652469795223,20,0.5,0.9,5,10,0.013836612680750156,0.0,0.7,0.1,0.81,0.62,0.81,0.82,0.87,0.74,0.9,0.53,0.81,0.62,0.77,0.85,0.87,0.74,0.53,306,199,70,45,306,260,91,45
0,3,binary,dart,0.0021435913583115196,10,0.5,0.7,5,10,0.04324315059769658,0.0,0.1,0.4,0.83,0.66,0.81,0.87,0.91,0.72,0.9,0.57,0.82,0.65,0.76,0.89,0.91,0.72,0.56,322,193,75,30,322,253,99,30
1,5,binary,gbdt,0.001122846475549126,15,0.9,0.5,3,20,0.04255844188903071,0.1,0.4,0.9999999999999999,0.83,0.66,0.84,0.82,0.87,0.78,0.9,0.57,0.83,0.66,0.8,0.86,0.87,0.78,0.57,306,210,58,46,306,276,76,46
0,5,binary,gbdt,0.001122846475549126,15,0.9,0.5,3,20,0.04255844188903071,0.1,0.4,0.9999999999999999,0.83,0.64,0.83,0.82,0.87,0.76,0.9,0.56,0.82,0.64,0.79,0.86,0.87,0.76,0.55,307,205,63,45,307,269,83,45
3,91,binary,gbdt,0.004677439177050696,20,0.6,0.9,5,10,0.016531379275677847,0.0,0.7,0.1,0.81,0.62,0.82,0.81,0.87,0.74,0.9,0.53,0.8,0.61,0.77,0.85,0.87,0.74,0.53,304,200,69,47,304,261,90,47
1,4,binary,gbdt,0.00399033131253107,5,0.6,0.6,5,30,0.004362705344191273,0.1,0.1,0.9999999999999999,0.84,0.68,0.85,0.82,0.87,0.81,0.9,0.59,0.84,0.68,0.82,0.86,0.87,0.81,0.59,306,216,52,46,306,284,68,46
3,92,binary,gbdt,0.004622440571736612,20,0.6,0.9,5,10,0.012199758147912944,0.0,0.7,0.1,0.81,0.61,0.81,0.81,0.87,0.74,0.9,0.53,0.8,0.61,0.77,0.85,0.87,0.74,0.52,304,199,70,47,304,260,91,47
0,4,binary,gbdt,0.00399033131253107,5,0.6,0.6,5,30,0.004362705344191273,0.1,0.1,0.9999999999999999,0.83,0.66,0.84,0.83,0.88,0.77,0.9,0.57,0.83,0.66,0.79,0.87,0.88,0.77,0.57,310,207,61,42,310,272,80,42
3,93,binary,gbdt,0.004815583727855788,20,0.6,0.9,5,10,0.01350588833214403,0.0,0.7,0.1,0.81,0.62,0.82,0.81,0.87,0.74,0.9,0.53,0.8,0.61,0.77,0.85,0.87,0.74,0.53,304,200,69,47,304,261,90,47
1,3,binary,dart,0.0021435913583115196,10,0.5,0.7,5,10,0.04324315059769658,0.0,0.1,0.4,0.83,0.65,0.83,0.84,0.89,0.75,0.9,0.57,0.82,0.65,0.78,0.87,0.89,0.75,0.56,313,202,66,39,313,265,87,39
3,94,binary,gbdt,0.004344875486223216,20,0.6,0.8,5,10,0.014983960681136672,0.0,0.7,0.1,0.81,0.62,0.81,0.81,0.87,0.74,0.9,0.53,0.8,0.61,0.77,0.85,0.87,0.74,0.53,305,199,70,46,305,260,91,46
3,76,binary,gbdt,0.004939076228328089,20,0.6,0.8,5,10,0.011031990782834157,0.0,0.7,0.1,0.81,0.61,0.81,0.8,0.86,0.74,0.9,0.52,0.8,0.61,0.77,0.84,0.86,0.74,0.52,302,200,69,49,302,261,90,49
3,95,binary,gbdt,0.004988417804946296,20,0.6,0.9,5,10,0.0102018516648273,0.0,0.7,0.1,0.81,0.62,0.81,0.81,0.87,0.74,0.9,0.53,0.8,0.61,0.77,0.85,0.87,0.74,0.53,305,199,70,46,305,260,91,46
1,2,binary,gbdt,0.0013389793258751861,20,0.8,0.8,1,30,0.0050219070458047774,0.2,0.9999999999999999,0.1,0.84,0.67,0.84,0.83,0.88,0.78,0.9,0.58,0.83,0.66,0.8,0.87,0.88,0.78,0.58,309,210,58,43,309,276,76,43
0,2,binary,gbdt,0.0013389793258751861,20,0.8,0.8,1,30,0.0050219070458047774,0.2,0.9999999999999999,0.1,0.84,0.68,0.84,0.85,0.89,0.78,0.9,0.59,0.83,0.67,0.8,0.88,0.89,0.78,0.58,314,208,60,38,314,273,79,38
3,96,binary,gbdt,0.004142171060469267,20,0.5,0.9,5,10,0.022449946577013137,0.0,0.7,0.1,0.81,0.62,0.81,0.81,0.87,0.74,0.9,0.53,0.8,0.61,0.77,0.85,0.87,0.74,0.52,306,198,71,45,306,258,93,45
1,1,binary,dart,0.003007758792262021,20,0.5,0.9,1,30,0.004348900050479972,0.2,0.4,0.4,0.84,0.67,0.84,0.84,0.89,0.78,0.9,0.58,0.83,0.67,0.8,0.87,0.89,0.78,0.58,312,208,60,40,312,273,79,40
3,97,binary,gbdt,0.004513970019640387,20,0.7,0.8,5,10,0.008794090243964317,0.0,0.7,0.1,0.81,0.61,0.81,0.81,0.87,0.74,0.9,0.52,0.8,0.61,0.77,0.85,0.87,0.74,0.52,304,198,71,47,304,258,93,47
0,99,binary,gbdt,0.003951080725542105,5,0.5,0.9,5,10,0.027518419204939304,0.0,0.7,0.1,0.83,0.65,0.83,0.83,0.88,0.76,0.9,0.56,0.82,0.64,0.78,0.86,0.88,0.76,0.55,310,203,65,42,310,267,85,42
1,99,binary,gbdt,0.003951080725542105,5,0.5,0.9,5,10,0.027518419204939304,0.0,0.7,0.1,0.84,0.66,0.85,0.82,0.87,0.79,0.9,0.58,0.83,0.66,0.81,0.86,0.87,0.79,0.57,306,212,56,46,306,278,74,46
3,90,binary,gbdt,0.0038499108811824163,20,0.5,0.9,5,10,0.019957887261862883,0.0,0.7,0.1,0.81,0.62,0.81,0.81,0.87,0.74,0.9,0.53,0.8,0.61,0.77,0.85,0.87,0.74,0.52,306,198,71,45,306,258,93,45
4,5,binary,gbdt,0.001122846475549126,15,0.9,0.5,3,20,0.04255844188903071,0.1,0.4,0.9999999999999999,0.83,0.66,0.84,0.83,0.87,0.78,0.9,0.57,0.83,0.66,0.8,0.86,0.87,0.78,0.57,307,210,59,44,307,274,77,44
3,88,binary,gbdt,0.004842111915913908,20,0.5,0.8,5,10,0.008005897080838839,0.0,0.7,0.1,0.81,0.61,0.81,0.81,0.87,0.74,0.9,0.52,0.8,0.61,0.77,0.85,0.87,0.74,0.52,304,198,71,47,304,258,93,47
3,6,binary,gbdt,0.004298643092911157,15,0.7,0.8,5,30,0.004542591917927929,0.1,0.7,0.1,0.81,0.61,0.81,0.81,0.87,0.73,0.9,0.52,0.8,0.6,0.76,0.85,0.87,0.73,0.51,304,197,72,47,304,257,94,47
3,77,binary,gbdt,0.004231666476406465,20,0.5,0.8,5,10,0.00889720575354708,0.0,0.7,0.1,0.81,0.62,0.81,0.81,0.87,0.74,0.9,0.53,0.8,0.61,0.77,0.85,0.87,0.74,0.52,306,198,71,45,306,258,93,45
3,12,binary,gbdt,0.004948608450723505,15,0.7,0.8,7,40,0.0010847531983318138,0.1,0.7,0.1,0.81,0.62,0.81,0.81,0.87,0.74,0.9,0.53,0.8,0.61,0.77,0.85,0.87,0.74,0.53,305,199,70,46,305,260,91,46
3,78,binary,gbdt,0.004592739988950461,20,0.5,0.8,5,10,0.018207188157605428,0.0,0.7,0.1,0.81,0.61,0.81,0.81,0.87,0.73,0.9,0.52,0.8,0.61,0.76,0.85,0.87,0.73,0.52,305,197,72,46,305,257,94,46
3,22,binary,gbdt,0.004020740218246234,20,0.5,0.7,5,30,0.00320286591466317,0.2,0.7,0.1,0.81,0.61,0.81,0.81,0.87,0.74,0.9,0.53,0.8,0.61,0.77,0.85,0.87,0.74,0.52,304,199,70,47,304,260,91,47
3,11,binary,gbdt,0.004912781788816002,15,0.7,0.9,7,40,0.0014113277523368935,0.1,0.7,0.1,0.81,0.62,0.82,0.81,0.87,0.75,0.9,0.53,0.81,0.62,0.77,0.85,0.87,0.75,0.53,304,201,68,47,304,262,89,47
1,80,binary,dart,0.00437450861068609,20,0.5,0.8,7,10,0.013269255617699774,0.0,0.7,0.1,0.84,0.67,0.84,0.83,0.88,0.79,0.9,0.59,0.83,0.67,0.81,0.87,0.88,0.79,0.58,310,211,57,42,310,277,75,42
3,81,binary,gbdt,0.004724090947771987,20,0.6,0.9,5,10,0.015676811568709103,0.0,0.7,0.1,0.81,0.62,0.82,0.81,0.87,0.75,0.9,0.53,0.81,0.62,0.77,0.85,0.87,0.75,0.53,304,201,68,47,304,262,89,47
3,10,binary,gbdt,0.004593444805837145,15,0.7,0.9,7,40,0.0010866574115857802,0.1,0.7,0.1,0.81,0.62,0.82,0.81,0.87,0.74,0.9,0.53,0.81,0.62,0.77,0.85,0.87,0.74,0.53,305,200,69,46,305,261,90,46
3,82,binary,gbdt,0.004775019780451891,20,0.6,0.9,5,10,0.01071268716488402,0.0,0.7,0.1,0.81,0.62,0.82,0.81,0.87,0.74,0.9,0.53,0.81,0.62,0.77,0.85,0.87,0.74,0.53,305,200,69,46,305,261,90,46
4,9,binary,dart,0.0033638098373512245,10,0.9,0.8,7,20,0.004845624575867189,0.0,0.1,0.1,0.83,0.66,0.84,0.82,0.87,0.79,0.9,0.57,0.83,0.66,0.81,0.86,0.87,0.79,0.57,304,213,56,47,304,278,73,47
3,83,binary,gbdt,0.004555677588960811,20,0.6,0.9,5,10,0.01481657684723192,0.0,0.7,0.1,0.81,0.61,0.81,0.81,0.87,0.74,0.9,0.53,0.8,0.61,0.77,0.85,0.87,0.74,0.52,304,199,70,47,304,260,91,47
1,9,binary,dart,0.0033638098373512245,10,0.9,0.8,7,20,0.004845624575867189,0.0,0.1,0.1,0.82,0.63,0.84,0.8,0.85,0.78,0.9,0.55,0.82,0.63,0.8,0.84,0.85,0.78,0.55,299,210,58,53,299,276,76,53
3,84,binary,gbdt,0.004774102336959872,20,0.6,0.9,5,10,0.011473831555112472,0.0,0.7,0.1,0.81,0.61,0.81,0.81,0.87,0.74,0.9,0.53,0.8,0.61,0.77,0.85,0.87,0.74,0.52,304,199,70,47,304,260,91,47
0,9,binary,dart,0.0033638098373512245,10,0.9,0.8,7,20,0.004845624575867189,0.0,0.1,0.1,0.82,0.64,0.84,0.79,0.84,0.79,0.9,0.55,0.82,0.64,0.8,0.84,0.84,0.8,0.55,297,213,55,55,297,280,72,55
3,85,binary,gbdt,0.0041841885983293315,20,0.6,0.8,5,10,0.009422982922931696,0.0,0.7,0.1,0.81,0.61,0.81,0.81,0.87,0.73,0.9,0.52,0.8,0.61,0.76,0.85,0.87,0.73,0.52,305,197,72,46,305,257,94,46
3,86,binary,gbdt,0.004045457130578751,20,0.5,0.8,5,10,0.023719320282452085,0.0,0.7,0.1,0.81,0.61,0.81,0.81,0.87,0.74,0.9,0.53,0.8,0.61,0.77,0.85,0.87,0.74,0.52,305,198,71,46,305,258,93,46
3,87,binary,gbdt,0.004443092927617124,20,0.7,0.9,5,10,0.006787275838721423,0.0,0.7,0.1,0.82,0.62,0.82,0.82,0.87,0.74,0.9,0.54,0.81,0.62,0.77,0.85,0.87,0.74,0.53,306,200,69,45,306,261,90,45
3,79,binary,gbdt,0.004998100816270525,20,0.7,0.9,5,10,0.01589698441951077,0.0,0.7,0.1,0.81,0.61,0.81,0.81,0.87,0.74,0.9,0.53,0.8,0.61,0.77,0.85,0.87,0.74,0.52,305,198,71,46,305,258,93,46
3,18,binary,gbdt,0.004028224093400659,20,0.5,0.7,5,20,0.0029085345962004596,0.2,0.9999999999999999,0.1,0.81,0.61,0.81,0.81,0.87,0.74,0.9,0.52,0.8,0.61,0.77,0.85,0.87,0.74,0.52,304,198,71,47,304,258,93,47
3,41,binary,gbdt,0.003991419847248982,20,0.5,0.7,5,30,0.003221014601688198,0.2,0.7,0.1,0.81,0.61,0.81,0.81,0.87,0.74,0.9,0.52,0.8,0.61,0.77,0.85,0.87,0.74,0.52,304,198,71,47,304,258,93,47
3,35,binary,gbdt,0.0036808741168067533,20,0.6,0.8,5,30,0.0040356095198998305,0.2,0.7,0.4,0.81,0.61,0.81,0.81,0.87,0.73,0.9,0.52,0.8,0.61,0.76,0.85,0.87,0.73,0.52,305,197,72,46,305,257,94,46
0,37,binary,gbdt,0.0014667387396235223,15,0.6,0.7,5,40,0.005409191808021579,0.1,0.9999999999999999,0.1,0.83,0.66,0.83,0.85,0.89,0.75,0.9,0.57,0.82,0.65,0.78,0.88,0.89,0.75,0.56,315,202,66,37,315,265,87,37
3,51,binary,gbdt,0.004193992592077334,20,0.6,0.7,3,20,0.02149047243159083,0.1,0.4,0.4,0.81,0.61,0.81,0.81,0.86,0.74,0.9,0.52,0.8,0.61,0.77,0.84,0.86,0.74,0.52,303,199,70,48,303,260,91,48
3,36,binary,gbdt,0.004850441289814548,20,0.5,0.6,7,20,0.0028076759637862374,0.1,0.4,0.1,0.81,0.61,0.81,0.8,0.86,0.74,0.9,0.52,0.8,0.6,0.77,0.84,0.86,0.74,0.51,303,198,71,48,303,258,93,48
0,27,binary,gbdt,0.0018766389406196077,15,0.8,0.8,3,20,0.0036290930789808773,0.1,0.9999999999999999,0.4,0.84,0.67,0.85,0.83,0.88,0.79,0.9,0.59,0.83,0.67,0.81,0.87,0.88,0.79,0.58,309,212,56,43,309,278,74,43
3,57,binary,gbdt,0.0038348319643373057,20,0.7,0.5,5,20,0.01917526022928056,0.2,0.7,0.4,0.8,0.59,0.8,0.79,0.85,0.72,0.9,0.5,0.79,0.58,0.76,0.83,0.85,0.72,0.5,300,195,74,51,300,254,97,51
3,30,binary,gbdt,0.004477490767823563,15,0.5,0.6,3,30,0.006156931710346903,0.2,0.4,0.1,0.81,0.61,0.81,0.81,0.87,0.73,0.9,0.52,0.8,0.61,0.76,0.85,0.87,0.73,0.52,305,197,72,46,305,257,94,46
1,27,binary,gbdt,0.0018766389406196077,15,0.8,0.8,3,20,0.0036290930789808773,0.1,0.9999999999999999,0.4,0.84,0.67,0.85,0.82,0.87,0.8,0.9,0.58,0.83,0.67,0.81,0.86,0.87,0.8,0.58,306,214,54,46,306,281,71,46
1,34,binary,dart,0.0030829551511927706,20,0.5,0.7,5,30,0.014346505836854638,0.2,0.9999999999999999,0.1,0.84,0.67,0.84,0.83,0.88,0.79,0.9,0.59,0.83,0.67,0.81,0.87,0.88,0.79,0.58,310,211,57,42,310,277,75,42
3,42,binary,gbdt,0.004131065821448132,20,0.5,0.7,5,30,0.0020216437733513743,0.2,0.7,0.1,0.81,0.61,0.81,0.81,0.87,0.74,0.9,0.52,0.8,0.61,0.77,0.85,0.87,0.74,0.52,304,198,71,47,304,258,93,47
3,52,binary,gbdt,0.0037209866834847748,20,0.6,0.7,3,20,0.03341515577734923,0.1,0.4,0.7,0.81,0.61,0.81,0.8,0.86,0.74,0.9,0.52,0.8,0.61,0.77,0.84,0.86,0.74,0.52,302,199,70,49,302,260,91,49
4,40,binary,dart,0.0033777016536962468,15,0.8,0.9,5,30,0.004591353494852446,0.1,0.7,0.4,0.83,0.66,0.84,0.82,0.86,0.79,0.9,0.57,0.83,0.66,0.81,0.85,0.86,0.79,0.57,303,213,56,48,303,278,73,48
3,43,binary,gbdt,0.004495078519221168,20,0.5,0.6,5,30,0.0036592299721074075,0.2,0.7,0.1,0.81,0.6,0.81,0.8,0.86,0.73,0.9,0.52,0.8,0.6,0.76,0.84,0.86,0.73,0.51,303,197,72,48,303,257,94,48
1,56,binary,gbdt,0.0012487136577793642,20,0.5,0.6,3,30,0.005304989303525122,0.1,0.4,0.1,0.84,0.68,0.84,0.85,0.9,0.77,0.9,0.59,0.84,0.68,0.8,0.88,0.9,0.77,0.59,316,207,61,36,316,272,80,36
3,55,binary,gbdt,0.004472901903940401,20,0.6,0.8,5,20,0.02903715604960318,0.1,0.7,0.1,0.81,0.61,0.81,0.8,0.86,0.74,0.9,0.52,0.8,0.6,0.77,0.84,0.86,0.74,0.51,303,198,71,48,303,258,93,48
3,53,binary,gbdt,0.003501930532023668,20,0.7,0.7,1,20,0.04893499657187613,0.1,0.1,0.1,0.81,0.61,0.81,0.81,0.87,0.74,0.9,0.53,0.8,0.61,0.77,0.85,0.87,0.74,0.52,305,198,71,46,305,258,93,46
1,29,binary,dart,0.0035882006603218256,20,0.7,0.8,5,40,0.008601450186923616,0.2,0.9999999999999999,0.7,0.84,0.67,0.85,0.82,0.87,0.79,0.9,0.58,0.83,0.67,0.81,0.86,0.87,0.8,0.58,306,213,55,46,306,280,72,46
3,28,binary,gbdt,0.0028439964909491243,20,0.6,0.7,5,10,0.0031772168194827578,0.2,0.7,0.1,0.81,0.62,0.81,0.82,0.87,0.73,0.9,0.53,0.8,0.61,0.77,0.85,0.87,0.73,0.52,307,197,72,44,307,257,94,44
0,45,binary,gbdt,0.0031675542545420207,5,0.5,0.8,7,30,0.0014276957652649314,0.1,0.4,0.1,0.83,0.65,0.82,0.84,0.89,0.75,0.9,0.56,0.82,0.64,0.78,0.87,0.89,0.75,0.55,313,200,68,39,313,263,89,39
3,54,binary,gbdt,0.004090267616480246,20,0.5,0.7,3,10,0.017545598889882937,0.1,0.4,0.4,0.81,0.61,0.81,0.81,0.87,0.73,0.9,0.52,0.8,0.61,0.76,0.85,0.87,0.73,0.52,305,197,72,46,305,257,94,46
1,45,binary,gbdt,0.0031675542545420207,5,0.5,0.8,7,30,0.0014276957652649314,0.1,0.4,0.1,0.84,0.67,0.84,0.83,0.88,0.78,0.9,0.58,0.83,0.66,0.8,0.87,0.88,0.78,0.58,309,210,58,43,309,276,76,43
1,37,binary,gbdt,0.0014667387396235223,15,0.6,0.7,5,40,0.005409191808021579,0.1,0.9999999999999999,0.1,0.85,0.68,0.85,0.84,0.88,0.79,0.9,0.6,0.84,0.68,0.81,0.87,0.88,0.8,0.59,311,213,55,41,311,280,72,41
0,29,binary,dart,0.0035882006603218256,20,0.7,0.8,5,40,0.008601450186923616,0.2,0.9999999999999999,0.7,0.83,0.66,0.84,0.83,0.88,0.78,0.9,0.57,0.83,0.65,0.8,0.86,0.88,0.78,0.56,308,208,60,44,308,273,79,44
3,46,binary,gbdt,0.003305940160264824,20,0.6,0.7,5,20,0.004990598369268039,0.2,0.7,0.1,0.8,0.6,0.81,0.8,0.86,0.73,0.9,0.51,0.8,0.6,0.76,0.84,0.86,0.73,0.51,303,196,73,48,303,256,95,48
3,31,binary,gbdt,0.003969387151341788,20,0.5,0.7,5,30,0.009280889025481394,0.2,0.7,0.1,0.81,0.61,0.81,0.81,0.87,0.74,0.9,0.52,0.8,0.61,0.77,0.85,0.87,0.74,0.52,304,198,71,47,304,258,93,47
3,39,binary,gbdt,0.002872934527983262,20,0.6,0.7,1,20,0.025229162806327966,0.2,0.1,0.1,0.81,0.62,0.81,0.82,0.87,0.74,0.9,0.53,0.81,0.62,0.77,0.85,0.87,0.74,0.53,306,199,70,45,306,260,91,45
3,49,binary,gbdt,0.004973995987649795,10,0.5,0.8,5,20,0.0023643141553542552,0.1,0.4,0.1,0.81,0.6,0.81,0.81,0.87,0.73,0.9,0.52,0.8,0.6,0.76,0.84,0.87,0.73,0.51,304,196,73,47,304,256,95,47
3,61,binary,gbdt,0.004641382007433648,20,0.5,0.8,5,10,0.011596114258996915,0.0,0.7,0.1,0.81,0.61,0.81,0.81,0.87,0.73,0.9,0.52,0.8,0.61,0.76,0.85,0.87,0.73,0.52,305,197,72,46,305,257,94,46
3,60,binary,gbdt,0.004709864460071347,20,0.5,0.8,5,10,0.010812842340396445,0.0,0.7,0.1,0.81,0.62,0.81,0.81,0.87,0.74,0.9,0.53,0.8,0.61,0.77,0.85,0.87,0.74,0.53,305,199,70,46,305,260,91,46
0,40,binary,dart,0.0033777016536962468,15,0.8,0.9,5,30,0.004591353494852446,0.1,0.7,0.4,0.83,0.65,0.84,0.81,0.86,0.79,0.9,0.56,0.82,0.65,0.8,0.85,0.86,0.79,0.56,302,211,57,50,302,277,75,50
1,40,binary,dart,0.0033777016536962468,15,0.8,0.9,5,30,0.004591353494852446,0.1,0.7,0.4,0.83,0.65,0.84,0.81,0.86,0.79,0.9,0.57,0.83,0.65,0.8,0.85,0.86,0.79,0.56,304,211,57,48,304,277,75,48
3,47,binary,gbdt,0.004718781109220948,15,0.6,0.8,3,30,0.00391812654376432,0.1,0.9999999999999999,0.1,0.81,0.61,0.81,0.81,0.87,0.73,0.9,0.52,0.8,0.6,0.76,0.85,0.87,0.73,0.52,305,196,73,46,305,256,95,46
1,48,binary,dart,0.0034374258170566893,20,0.5,0.6,7,40,0.0030790007665954817,0.2,0.7,0.9999999999999999,0.84,0.66,0.84,0.83,0.88,0.78,0.9,0.58,0.83,0.66,0.8,0.86,0.88,0.78,0.57,309,209,59,43,309,275,77,43
3,59,binary,gbdt,0.004650573054787844,20,0.6,0.8,5,10,0.01159430431201425,0.1,0.7,0.1,0.81,0.62,0.81,0.82,0.87,0.74,0.9,0.53,0.81,0.62,0.77,0.85,0.87,0.74,0.53,306,199,70,45,306,260,91,45
3,33,binary,gbdt,0.0042207518187365,20,0.5,0.7,5,30,0.00600258219906862,0.2,0.7,0.4,0.81,0.61,0.81,0.81,0.86,0.74,0.9,0.52,0.8,0.61,0.77,0.84,0.86,0.74,0.52,303,199,70,48,303,260,91,48
3,62,binary,gbdt,0.004663411310183621,20,0.5,0.8,5,10,0.011986403359589247,0.0,0.7,0.1,0.81,0.61,0.81,0.81,0.87,0.74,0.9,0.53,0.8,0.61,0.77,0.85,0.87,0.74,0.52,305,198,71,46,305,258,93,46
0,38,binary,dart,0.0010718571822031452,10,0.5,0.7,3,30,0.011045790609629869,0.2,0.4,0.4,0.83,0.66,0.8,0.89,0.93,0.69,0.9,0.57,0.81,0.65,0.75,0.91,0.93,0.69,0.56,329,186,82,23,329,244,108,23
3,25,binary,gbdt,0.003615976939713256,20,0.6,0.7,3,20,0.02060308574787291,0.1,0.4,0.4,0.81,0.61,0.81,0.81,0.87,0.73,0.9,0.52,0.8,0.6,0.76,0.85,0.87,0.73,0.51,304,197,72,47,304,257,94,47
3,32,binary,gbdt,0.003872907565795822,20,0.5,0.7,5,30,0.007804287057804024,0.2,0.7,0.1,0.81,0.6,0.81,0.8,0.86,0.73,0.9,0.52,0.8,0.6,0.76,0.84,0.86,0.73,0.51,303,197,72,48,303,257,94,48
2,48,binary,dart,0.0034374258170566893,20,0.5,0.6,7,40,0.0030790007665954817,0.2,0.7,0.9999999999999999,0.83,0.65,0.83,0.82,0.87,0.77,0.89,0.56,0.82,0.64,0.79,0.86,0.87,0.77,0.56,306,207,62,45,306,270,81,45
0,7,binary,dart,0.003210839348375793,5,0.6,0.7,3,10,0.02329960903411058,0.1,0.4,0.9999999999999999,0.82,0.63,0.8,0.85,0.9,0.71,0.89,0.54,0.81,0.63,0.76,0.88,0.9,0.71,0.53,318,190,78,34,318,250,102,34
1,7,binary,dart,0.003210839348375793,5,0.6,0.7,3,10,0.02329960903411058,0.1,0.4,0.9999999999999999,0.8,0.59,0.8,0.81,0.88,0.71,0.89,0.51,0.79,0.59,0.75,0.85,0.88,0.7,0.5,308,189,79,44,308,248,104,44
3,34,binary,dart,0.0030829551511927706,20,0.5,0.7,5,30,0.014346505836854638,0.2,0.9999999999999999,0.1,0.79,0.56,0.78,0.81,0.88,0.67,0.89,0.48,0.77,0.56,0.73,0.85,0.88,0.67,0.47,308,180,89,43,308,235,116,43
2,87,binary,gbdt,0.004443092927617124,20,0.7,0.9,5,10,0.006787275838721423,0.0,0.7,0.1,0.82,0.63,0.84,0.79,0.83,0.8,0.89,0.55,0.82,0.64,0.81,0.83,0.83,0.8,0.55,293,215,54,58,293,281,70,58
2,47,binary,gbdt,0.004718781109220948,15,0.6,0.8,3,30,0.00391812654376432,0.1,0.9999999999999999,0.1,0.82,0.63,0.84,0.79,0.84,0.79,0.89,0.54,0.82,0.63,0.8,0.83,0.84,0.79,0.54,296,212,57,55,296,277,74,55
4,7,binary,dart,0.003210839348375793,5,0.6,0.7,3,10,0.02329960903411058,0.1,0.4,0.9999999999999999,0.79,0.58,0.78,0.81,0.88,0.68,0.89,0.49,0.78,0.57,0.74,0.85,0.88,0.68,0.48,308,184,85,43,308,240,111,43
2,34,binary,dart,0.0030829551511927706,20,0.5,0.7,5,30,0.014346505836854638,0.2,0.9999999999999999,0.1,0.82,0.64,0.83,0.81,0.87,0.77,0.89,0.55,0.82,0.64,0.79,0.85,0.87,0.77,0.55,304,207,62,47,304,270,81,47
2,86,binary,gbdt,0.004045457130578751,20,0.5,0.8,5,10,0.023719320282452085,0.0,0.7,0.1,0.82,0.64,0.85,0.8,0.84,0.8,0.89,0.55,0.82,0.64,0.81,0.84,0.84,0.8,0.56,296,215,54,55,296,281,70,55
2,84,binary,gbdt,0.004774102336959872,20,0.6,0.9,5,10,0.011473831555112472,0.0,0.7,0.1,0.82,0.63,0.84,0.79,0.84,0.79,0.89,0.54,0.82,0.63,0.8,0.83,0.84,0.79,0.54,295,213,56,56,295,278,73,56
2,83,binary,gbdt,0.004555677588960811,20,0.6,0.9,5,10,0.01481657684723192,0.0,0.7,0.1,0.82,0.63,0.84,0.79,0.83,0.79,0.89,0.54,0.81,0.63,0.8,0.83,0.83,0.79,0.54,293,213,56,58,293,278,73,58
1,8,binary,dart,0.003286154252574204,5,0.9,0.6,1,30,0.004933393221558848,0.0,0.7,0.7,0.81,0.62,0.82,0.8,0.86,0.75,0.89,0.53,0.81,0.62,0.78,0.84,0.86,0.75,0.53,303,202,66,49,303,265,87,49
2,33,binary,gbdt,0.0042207518187365,20,0.5,0.7,5,30,0.00600258219906862,0.2,0.7,0.4,0.82,0.64,0.84,0.8,0.85,0.79,0.89,0.55,0.82,0.64,0.8,0.84,0.85,0.79,0.55,298,212,57,53,298,277,74,53
2,85,binary,gbdt,0.0041841885983293315,20,0.6,0.8,5,10,0.009422982922931696,0.0,0.7,0.1,0.82,0.64,0.84,0.79,0.84,0.8,0.89,0.55,0.82,0.64,0.81,0.83,0.84,0.8,0.55,294,215,54,57,294,281,70,57
2,9,binary,dart,0.0033638098373512245,10,0.9,0.8,7,20,0.004845624575867189,0.0,0.1,0.1,0.8,0.6,0.82,0.77,0.83,0.77,0.89,0.51,0.8,0.6,0.78,0.82,0.83,0.77,0.51,290,207,62,61,290,270,81,61
2,88,binary,gbdt,0.004842111915913908,20,0.5,0.8,5,10,0.008005897080838839,0.0,0.7,0.1,0.83,0.65,0.85,0.8,0.84,0.81,0.89,0.56,0.82,0.65,0.81,0.84,0.84,0.81,0.56,296,217,52,55,296,283,68,55
4,8,binary,dart,0.003286154252574204,5,0.9,0.6,1,30,0.004933393221558848,0.0,0.7,0.7,0.79,0.58,0.79,0.8,0.87,0.7,0.89,0.49,0.78,0.57,0.74,0.84,0.87,0.7,0.48,304,188,81,47,304,245,106,47
2,46,binary,gbdt,0.003305940160264824,20,0.6,0.7,5,20,0.004990598369268039,0.2,0.7,0.1,0.83,0.65,0.85,0.8,0.85,0.8,0.89,0.56,0.82,0.65,0.81,0.84,0.85,0.8,0.56,297,215,54,54,297,281,70,54
2,63,binary,gbdt,0.004694740324268083,20,0.5,0.9,5,10,0.012356941808962896,0.0,0.7,0.1,0.82,0.64,0.85,0.79,0.84,0.8,0.89,0.55,0.82,0.64,0.81,0.83,0.84,0.8,0.56,295,216,53,56,295,282,69,56
2,90,binary,gbdt,0.0038499108811824163,20,0.5,0.9,5,10,0.019957887261862883,0.0,0.7,0.1,0.82,0.63,0.84,0.79,0.84,0.79,0.89,0.54,0.81,0.63,0.8,0.83,0.84,0.79,0.54,295,212,57,56,295,277,74,56
2,45,binary,gbdt,0.0031675542545420207,5,0.5,0.8,7,30,0.0014276957652649314,0.1,0.4,0.1,0.83,0.65,0.84,0.82,0.87,0.78,0.89,0.56,0.82,0.65,0.8,0.85,0.87,0.78,0.56,304,209,60,47,304,273,78,47
2,37,binary,gbdt,0.0014667387396235223,15,0.6,0.7,5,40,0.005409191808021579,0.1,0.9999999999999999,0.1,0.82,0.64,0.83,0.81,0.87,0.77,0.89,0.55,0.82,0.64,0.79,0.85,0.87,0.77,0.55,304,207,62,47,304,270,81,47
3,2,binary,gbdt,0.0013389793258751861,20,0.8,0.8,1,30,0.0050219070458047774,0.2,0.9999999999999999,0.1,0.81,0.61,0.81,0.82,0.88,0.72,0.89,0.53,0.8,0.61,0.76,0.86,0.88,0.72,0.52,308,195,74,43,308,254,97,43
2,2,binary,gbdt,0.0013389793258751861,20,0.8,0.8,1,30,0.0050219070458047774,0.2,0.9999999999999999,0.1,0.81,0.61,0.82,0.8,0.85,0.76,0.89,0.53,0.8,0.61,0.78,0.84,0.85,0.76,0.52,299,204,65,52,299,266,85,52
2,95,binary,gbdt,0.004988417804946296,20,0.6,0.9,5,10,0.0102018516648273,0.0,0.7,0.1,0.82,0.63,0.84,0.79,0.84,0.8,0.89,0.54,0.82,0.63,0.8,0.83,0.84,0.79,0.54,294,214,55,57,294,279,72,57
3,40,binary,dart,0.0033777016536962468,15,0.8,0.9,5,30,0.004591353494852446,0.1,0.7,0.4,0.81,0.61,0.81,0.81,0.87,0.73,0.89,0.52,0.8,0.6,0.76,0.85,0.87,0.73,0.52,305,196,73,46,305,256,95,46
2,40,binary,dart,0.0033777016536962468,15,0.8,0.9,5,30,0.004591353494852446,0.1,0.7,0.4,0.81,0.61,0.83,0.78,0.84,0.77,0.89,0.52,0.8,0.61,0.79,0.83,0.84,0.77,0.52,294,208,61,57,294,271,80,57
2,96,binary,gbdt,0.004142171060469267,20,0.5,0.9,5,10,0.022449946577013137,0.0,0.7,0.1,0.82,0.63,0.84,0.79,0.84,0.79,0.89,0.54,0.82,0.63,0.8,0.83,0.84,0.79,0.54,295,213,56,56,295,278,73,56
3,1,binary,dart,0.003007758792262021,20,0.5,0.9,1,30,0.004348900050479972,0.2,0.4,0.4,0.79,0.58,0.78,0.81,0.88,0.68,0.89,0.49,0.78,0.57,0.73,0.85,0.88,0.68,0.48,309,183,86,42,309,239,112,42
2,6,binary,gbdt,0.004298643092911157,15,0.7,0.8,5,30,0.004542591917927929,0.1,0.7,0.1,0.82,0.63,0.84,0.79,0.84,0.79,0.89,0.54,0.81,0.63,0.8,0.83,0.84,0.79,0.54,294,213,56,57,294,278,73,57
2,97,binary,gbdt,0.004513970019640387,20,0.7,0.8,5,10,0.008794090243964317,0.0,0.7,0.1,0.82,0.64,0.85,0.8,0.84,0.8,0.89,0.55,0.82,0.64,0.81,0.84,0.84,0.8,0.56,296,215,54,55,296,281,70,55
2,39,binary,gbdt,0.002872934527983262,20,0.6,0.7,1,20,0.025229162806327966,0.2,0.1,0.1,0.83,0.65,0.85,0.8,0.85,0.8,0.89,0.56,0.82,0.65,0.81,0.84,0.85,0.8,0.56,297,216,53,54,297,282,69,54
3,37,binary,gbdt,0.0014667387396235223,15,0.6,0.7,5,40,0.005409191808021579,0.1,0.9999999999999999,0.1,0.79,0.57,0.78,0.8,0.87,0.68,0.89,0.49,0.78,0.57,0.73,0.84,0.87,0.68,0.48,306,184,85,45,306,240,111,45
2,98,binary,dart,0.004249541773187868,20,0.6,0.8,5,10,0.017927760164937988,0.0,0.7,0.1,0.82,0.62,0.83,0.79,0.85,0.78,0.89,0.54,0.81,0.63,0.79,0.83,0.85,0.78,0.54,297,209,60,54,297,273,78,54
3,98,binary,dart,0.004249541773187868,20,0.6,0.8,5,10,0.017927760164937988,0.0,0.7,0.1,0.81,0.61,0.8,0.82,0.88,0.72,0.89,0.53,0.8,0.61,0.76,0.86,0.88,0.72,0.52,310,193,76,41,310,252,99,41
2,99,binary,gbdt,0.003951080725542105,5,0.5,0.9,5,10,0.027518419204939304,0.0,0.7,0.1,0.83,0.65,0.84,0.81,0.86,0.79,0.89,0.56,0.82,0.65,0.8,0.85,0.86,0.79,0.56,302,212,57,49,302,277,74,49
2,94,binary,gbdt,0.004344875486223216,20,0.6,0.8,5,10,0.014983960681136672,0.0,0.7,0.1,0.83,0.65,0.85,0.79,0.84,0.81,0.89,0.56,0.82,0.65,0.81,0.83,0.84,0.81,0.56,295,217,52,56,295,283,68,56
2,41,binary,gbdt,0.003991419847248982,20,0.5,0.7,5,30,0.003221014601688198,0.2,0.7,0.1,0.83,0.65,0.84,0.8,0.85,0.8,0.89,0.56,0.82,0.64,0.81,0.84,0.85,0.79,0.56,298,214,55,53,298,279,72,53
2,93,binary,gbdt,0.004815583727855788,20,0.6,0.9,5,10,0.01350588833214403,0.0,0.7,0.1,0.82,0.63,0.84,0.79,0.84,0.79,0.89,0.54,0.82,0.63,0.8,0.83,0.84,0.79,0.54,295,213,56,56,295,278,73,56
2,36,binary,gbdt,0.004850441289814548,20,0.5,0.6,7,20,0.0028076759637862374,0.1,0.4,0.1,0.82,0.63,0.84,0.79,0.84,0.79,0.89,0.54,0.82,0.63,0.8,0.83,0.84,0.79,0.54,296,212,57,55,296,277,74,55
2,42,binary,gbdt,0.004131065821448132,20,0.5,0.7,5,30,0.0020216437733513743,0.2,0.7,0.1,0.82,0.64,0.84,0.8,0.85,0.79,0.89,0.55,0.82,0.64,0.8,0.84,0.85,0.79,0.55,297,212,57,54,297,277,74,54
2,92,binary,gbdt,0.004622440571736612,20,0.6,0.9,5,10,0.012199758147912944,0.0,0.7,0.1,0.82,0.63,0.84,0.79,0.84,0.79,0.89,0.54,0.81,0.63,0.8,0.83,0.84,0.79,0.54,294,213,56,57,294,278,73,57
2,4,binary,gbdt,0.00399033131253107,5,0.6,0.6,5,30,0.004362705344191273,0.1,0.1,0.9999999999999999,0.83,0.65,0.84,0.81,0.86,0.79,0.89,0.56,0.82,0.65,0.8,0.85,0.86,0.79,0.56,301,213,56,50,301,278,73,50
2,91,binary,gbdt,0.004677439177050696,20,0.6,0.9,5,10,0.016531379275677847,0.0,0.7,0.1,0.82,0.63,0.84,0.79,0.84,0.79,0.89,0.54,0.81,0.63,0.8,0.83,0.84,0.79,0.54,294,213,56,57,294,278,73,57
2,43,binary,gbdt,0.004495078519221168,20,0.5,0.6,5,30,0.0036592299721074075,0.2,0.7,0.1,0.82,0.64,0.84,0.8,0.85,0.79,0.89,0.55,0.82,0.64,0.8,0.84,0.85,0.79,0.55,297,213,56,54,297,278,73,54
2,35,binary,gbdt,0.0036808741168067533,20,0.6,0.8,5,30,0.0040356095198998305,0.2,0.7,0.4,0.82,0.63,0.84,0.79,0.84,0.79,0.89,0.54,0.82,0.63,0.8,0.83,0.84,0.79,0.54,295,213,56,56,295,278,73,56
2,44,binary,gbdt,0.0037990402325491545,20,0.9,0.7,5,40,0.0017031061923088243,0.2,0.7,0.1,0.82,0.63,0.84,0.78,0.83,0.8,0.89,0.54,0.82,0.63,0.81,0.83,0.83,0.8,0.54,292,215,54,59,292,281,70,59
2,10,binary,gbdt,0.004593444805837145,15,0.7,0.9,7,40,0.0010866574115857802,0.1,0.7,0.1,0.82,0.64,0.84,0.8,0.85,0.8,0.89,0.55,0.82,0.64,0.8,0.84,0.85,0.79,0.55,297,214,55,54,297,279,72,54
2,5,binary,gbdt,0.001122846475549126,15,0.9,0.5,3,20,0.04255844188903071,0.1,0.4,0.9999999999999999,0.82,0.62,0.83,0.8,0.85,0.77,0.89,0.54,0.81,0.62,0.79,0.84,0.85,0.77,0.53,299,207,62,52,299,270,81,52
3,5,binary,gbdt,0.001122846475549126,15,0.9,0.5,3,20,0.04255844188903071,0.1,0.4,0.9999999999999999,0.8,0.59,0.8,0.81,0.87,0.71,0.89,0.51,0.79,0.59,0.75,0.85,0.87,0.71,0.5,306,191,78,45,306,249,102,45
3,44,binary,gbdt,0.0037990402325491545,20,0.9,0.7,5,40,0.0017031061923088243,0.2,0.7,0.1,0.81,0.61,0.81,0.8,0.86,0.74,0.89,0.52,0.8,0.6,0.77,0.84,0.86,0.74,0.51,303,198,71,48,303,258,93,48
3,89,binary,gbdt,0.0017508367483744954,20,0.6,0.8,5,10,0.016857586301346927,0.0,0.7,0.7,0.81,0.61,0.8,0.82,0.88,0.71,0.89,0.52,0.8,0.6,0.75,0.86,0.88,0.71,0.51,310,191,78,41,310,249,102,41
2,89,binary,gbdt,0.0017508367483744954,20,0.6,0.8,5,10,0.016857586301346927,0.0,0.7,0.7,0.82,0.63,0.83,0.8,0.85,0.78,0.89,0.54,0.81,0.63,0.79,0.84,0.85,0.78,0.54,299,209,60,52,299,273,78,52
2,82,binary,gbdt,0.004775019780451891,20,0.6,0.9,5,10,0.01071268716488402,0.0,0.7,0.1,0.82,0.63,0.84,0.79,0.84,0.8,0.89,0.54,0.82,0.63,0.8,0.83,0.84,0.79,0.54,294,214,55,57,294,279,72,57
2,32,binary,gbdt,0.003872907565795822,20,0.5,0.7,5,30,0.007804287057804024,0.2,0.7,0.1,0.83,0.65,0.84,0.8,0.85,0.8,0.89,0.56,0.82,0.64,0.81,0.84,0.85,0.79,0.56,298,214,55,53,298,279,72,53
3,48,binary,dart,0.0034374258170566893,20,0.5,0.6,7,40,0.0030790007665954817,0.2,0.7,0.9999999999999999,0.79,0.57,0.78,0.8,0.87,0.68,0.89,0.48,0.78,0.56,0.73,0.84,0.87,0.68,0.48,306,183,86,45,306,239,112,45
3,17,binary,gbdt,0.0025808517117786524,10,0.8,0.6,7,10,0.0025804215092136806,0.0,0.9999999999999999,0.4,0.81,0.6,0.8,0.81,0.87,0.72,0.89,0.52,0.8,0.6,0.76,0.85,0.87,0.72,0.51,305,195,74,46,305,254,97,46
2,26,binary,gbdt,0.004435957052527733,10,0.5,0.6,5,30,0.006498423519624841,0.2,0.7,0.1,0.82,0.64,0.84,0.8,0.85,0.8,0.89,0.55,0.82,0.64,0.8,0.84,0.85,0.79,0.55,297,214,55,54,297,279,72,54
3,26,binary,gbdt,0.004435957052527733,10,0.5,0.6,5,30,0.006498423519624841,0.2,0.7,0.1,0.8,0.6,0.8,0.81,0.87,0.72,0.89,0.51,0.79,0.59,0.75,0.85,0.87,0.72,0.5,305,193,76,46,305,252,99,46
2,18,binary,gbdt,0.004028224093400659,20,0.5,0.7,5,20,0.0029085345962004596,0.2,0.9999999999999999,0.1,0.83,0.65,0.85,0.8,0.85,0.8,0.89,0.56,0.82,0.65,0.81,0.84,0.85,0.8,0.56,297,215,54,54,297,281,70,54
2,69,binary,dart,0.004942801180809148,20,0.5,0.9,5,10,0.012697698242572424,0.0,0.7,0.1,0.82,0.63,0.83,0.8,0.85,0.77,0.89,0.54,0.81,0.63,0.79,0.84,0.85,0.77,0.54,300,207,62,51,300,270,81,51
3,69,binary,dart,0.004942801180809148,20,0.5,0.9,5,10,0.012697698242572424,0.0,0.7,0.1,0.81,0.61,0.8,0.82,0.88,0.71,0.89,0.52,0.8,0.6,0.75,0.86,0.88,0.71,0.51,310,191,78,41,310,249,102,41
2,57,binary,gbdt,0.0038348319643373057,20,0.7,0.5,5,20,0.01917526022928056,0.2,0.7,0.4,0.82,0.64,0.85,0.8,0.84,0.8,0.89,0.55,0.82,0.64,0.81,0.84,0.84,0.8,0.56,296,215,54,55,296,281,70,55
2,70,binary,gbdt,0.004533668348662841,20,0.6,0.8,5,10,0.011746152424369459,0.0,0.7,0.9999999999999999,0.82,0.64,0.85,0.79,0.84,0.81,0.89,0.56,0.82,0.64,0.81,0.83,0.84,0.81,0.56,294,217,52,57,294,283,68,57
2,17,binary,gbdt,0.0025808517117786524,10,0.8,0.6,7,10,0.0025804215092136806,0.0,0.9999999999999999,0.4,0.82,0.64,0.84,0.79,0.84,0.79,0.89,0.55,0.82,0.64,0.8,0.83,0.84,0.79,0.55,296,213,56,55,296,278,73,55
2,58,binary,gbdt,0.0020536720781438606,15,0.5,0.7,3,30,0.002260367604495256,0.2,0.7,0.1,0.82,0.64,0.83,0.81,0.86,0.77,0.89,0.55,0.82,0.64,0.79,0.85,0.86,0.77,0.55,303,208,61,48,303,271,80,48
2,27,binary,gbdt,0.0018766389406196077,15,0.8,0.8,3,20,0.0036290930789808773,0.1,0.9999999999999999,0.4,0.81,0.62,0.83,0.79,0.84,0.78,0.89,0.53,0.81,0.62,0.79,0.83,0.84,0.78,0.53,296,209,60,55,296,273,78,55
2,71,binary,gbdt,0.004738680268840216,20,0.6,0.9,5,10,0.015528505983626489,0.0,0.7,0.1,0.82,0.63,0.84,0.79,0.84,0.79,0.89,0.54,0.81,0.63,0.8,0.83,0.84,0.79,0.54,294,213,56,57,294,278,73,57
3,27,binary,gbdt,0.0018766389406196077,15,0.8,0.8,3,20,0.0036290930789808773,0.1,0.9999999999999999,0.4,0.81,0.61,0.81,0.82,0.87,0.72,0.89,0.52,0.8,0.61,0.76,0.85,0.87,0.72,0.52,307,195,74,44,307,254,97,44
2,81,binary,gbdt,0.004724090947771987,20,0.6,0.9,5,10,0.015676811568709103,0.0,0.7,0.1,0.82,0.63,0.84,0.79,0.84,0.79,0.89,0.54,0.81,0.63,0.8,0.83,0.84,0.79,0.54,294,213,56,57,294,278,73,57
2,56,binary,gbdt,0.0012487136577793642,20,0.5,0.6,3,30,0.005304989303525122,0.1,0.4,0.1,0.82,0.64,0.82,0.83,0.88,0.75,0.89,0.55,0.81,0.64,0.78,0.86,0.88,0.75,0.55,310,201,68,41,310,262,89,41
3,16,binary,gbdt,0.001783830046784028,20,0.6,0.8,3,20,0.010497360192219966,0.0,0.9999999999999999,0.7,0.8,0.6,0.79,0.82,0.88,0.7,0.89,0.51,0.79,0.59,0.75,0.86,0.88,0.7,0.5,310,188,81,41,310,245,106,41
2,72,binary,gbdt,0.004692038953702798,20,0.6,0.9,5,10,0.016562005546733292,0.0,0.7,0.1,0.82,0.63,0.84,0.79,0.83,0.79,0.89,0.54,0.81,0.63,0.8,0.83,0.83,0.79,0.54,293,213,56,58,293,278,73,58
2,68,binary,gbdt,0.004706345282918489,20,0.6,0.9,5,10,0.016081106827738244,0.0,0.7,0.1,0.82,0.63,0.84,0.79,0.84,0.79,0.89,0.54,0.81,0.63,0.8,0.83,0.84,0.79,0.54,294,213,56,57,294,278,73,57
2,19,binary,gbdt,0.004043457739443902,20,0.5,0.7,5,30,0.008403294673232151,0.2,0.7,0.1,0.83,0.65,0.85,0.8,0.85,0.8,0.89,0.56,0.82,0.65,0.81,0.84,0.85,0.8,0.56,298,215,54,53,298,281,70,53
2,55,binary,gbdt,0.004472901903940401,20,0.6,0.8,5,20,0.02903715604960318,0.1,0.7,0.1,0.82,0.64,0.85,0.8,0.84,0.8,0.89,0.55,0.82,0.64,0.81,0.84,0.84,0.8,0.56,296,215,54,55,296,281,70,55
2,65,binary,gbdt,0.004662174395744968,20,0.5,0.8,5,10,0.010544945224672787,0.0,0.7,0.1,0.83,0.65,0.85,0.8,0.85,0.81,0.89,0.56,0.83,0.65,0.81,0.84,0.85,0.81,0.56,297,217,52,54,297,283,68,54
2,22,binary,gbdt,0.004020740218246234,20,0.5,0.7,5,30,0.00320286591466317,0.2,0.7,0.1,0.83,0.65,0.85,0.8,0.85,0.8,0.89,0.56,0.82,0.65,0.81,0.84,0.85,0.8,0.56,298,215,54,53,298,281,70,53
2,62,binary,gbdt,0.004663411310183621,20,0.5,0.8,5,10,0.011986403359589247,0.0,0.7,0.1,0.83,0.65,0.85,0.8,0.85,0.81,0.89,0.56,0.83,0.65,0.81,0.84,0.85,0.81,0.56,297,217,52,54,297,283,68,54
2,23,binary,gbdt,0.0035932193108436728,20,0.5,0.6,5,30,0.014981598150719245,0.2,0.7,0.1,0.82,0.64,0.84,0.8,0.84,0.8,0.89,0.55,0.82,0.64,0.8,0.84,0.84,0.79,0.55,296,214,55,55,296,279,72,55
2,64,binary,gbdt,0.0043362998025894325,20,0.5,0.8,5,10,0.010933664179005516,0.0,0.7,0.1,0.82,0.64,0.85,0.8,0.84,0.8,0.89,0.55,0.82,0.64,0.81,0.84,0.84,0.8,0.56,296,215,54,55,296,281,70,55
3,23,binary,gbdt,0.0035932193108436728,20,0.5,0.6,5,30,0.014981598150719245,0.2,0.7,0.1,0.81,0.61,0.81,0.81,0.87,0.74,0.89,0.53,0.8,0.61,0.77,0.85,0.87,0.74,0.52,304,199,70,47,304,260,91,47
2,21,binary,gbdt,0.003910805185914944,20,0.5,0.7,5,30,0.007256427738299645,0.2,0.7,0.1,0.82,0.64,0.84,0.8,0.85,0.79,0.89,0.55,0.82,0.64,0.8,0.84,0.85,0.79,0.55,298,213,56,53,298,278,73,53
2,61,binary,gbdt,0.004641382007433648,20,0.5,0.8,5,10,0.011596114258996915,0.0,0.7,0.1,0.82,0.64,0.85,0.8,0.84,0.8,0.89,0.55,0.82,0.64,0.81,0.84,0.84,0.8,0.56,296,215,54,55,296,281,70,55
2,24,binary,gbdt,0.0028014282030494335,15,0.5,0.7,5,30,0.007198881150818282,0.2,0.9999999999999999,0.1,0.82,0.64,0.84,0.8,0.85,0.79,0.89,0.55,0.82,0.64,0.8,0.84,0.85,0.79,0.55,298,213,56,53,298,278,73,53
3,58,binary,gbdt,0.0020536720781438606,15,0.5,0.7,3,30,0.002260367604495256,0.2,0.7,0.1,0.8,0.59,0.79,0.82,0.88,0.69,0.89,0.5,0.78,0.58,0.74,0.85,0.88,0.69,0.49,310,185,84,41,310,241,110,41
3,24,binary,gbdt,0.0028014282030494335,15,0.5,0.7,5,30,0.007198881150818282,0.2,0.9999999999999999,0.1,0.8,0.6,0.8,0.82,0.88,0.71,0.89,0.51,0.79,0.59,0.75,0.85,0.88,0.71,0.5,308,190,79,43,308,248,103,43
2,60,binary,gbdt,0.004709864460071347,20,0.5,0.8,5,10,0.010812842340396445,0.0,0.7,0.1,0.83,0.65,0.85,0.8,0.85,0.81,0.89,0.56,0.83,0.65,0.81,0.84,0.85,0.81,0.56,297,217,52,54,297,283,68,54
2,66,binary,gbdt,0.0043479491326116676,20,0.5,0.8,7,10,0.01003768546190702,0.0,0.7,0.1,0.82,0.64,0.84,0.8,0.85,0.79,0.89,0.55,0.82,0.64,0.8,0.84,0.85,0.79,0.55,297,213,56,54,297,278,73,54
2,25,binary,gbdt,0.003615976939713256,20,0.6,0.7,3,20,0.02060308574787291,0.1,0.4,0.4,0.82,0.63,0.84,0.79,0.84,0.8,0.89,0.54,0.82,0.63,0.8,0.83,0.84,0.79,0.54,294,214,55,57,294,279,72,57
2,20,binary,gbdt,0.004283734026447106,15,0.7,0.5,3,20,0.012499994922112182,0.2,0.4,0.1,0.82,0.63,0.84,0.79,0.84,0.79,0.89,0.54,0.82,0.63,0.8,0.83,0.84,0.79,0.54,295,213,56,56,295,278,73,56
2,59,binary,gbdt,0.004650573054787844,20,0.6,0.8,5,10,0.01159430431201425,0.1,0.7,0.1,0.82,0.64,0.84,0.8,0.85,0.8,0.89,0.55,0.82,0.64,0.8,0.84,0.85,0.79,0.55,297,214,55,54,297,279,72,54
2,67,binary,gbdt,0.004694758545133592,20,0.6,0.9,5,10,0.01506651794669627,0.0,0.7,0.1,0.82,0.63,0.84,0.79,0.83,0.79,0.89,0.54,0.81,0.63,0.8,0.83,0.83,0.79,0.54,293,213,56,58,293,278,73,58
2,16,binary,gbdt,0.001783830046784028,20,0.6,0.8,3,20,0.010497360192219966,0.0,0.9999999999999999,0.7,0.82,0.63,0.83,0.8,0.85,0.78,0.89,0.55,0.82,0.63,0.79,0.84,0.85,0.78,0.55,300,209,60,51,300,273,78,51
3,56,binary,gbdt,0.0012487136577793642,20,0.5,0.6,3,30,0.005304989303525122,0.1,0.4,0.1,0.79,0.57,0.77,0.82,0.89,0.66,0.89,0.49,0.77,0.56,0.72,0.86,0.89,0.66,0.48,312,178,91,39,312,232,119,39
2,73,binary,gbdt,0.004290187099995922,20,0.5,0.8,5,10,0.01388626820237989,0.0,0.7,0.1,0.82,0.64,0.85,0.8,0.84,0.8,0.89,0.55,0.82,0.64,0.81,0.84,0.84,0.8,0.56,296,215,54,55,296,281,70,55
2,13,binary,gbdt,0.0022821529758991982,15,0.8,0.9,5,40,0.0018992681845587463,0.1,0.7,0.7,0.81,0.62,0.83,0.78,0.83,0.78,0.89,0.53,0.81,0.62,0.79,0.83,0.83,0.78,0.53,293,211,58,58,293,275,76,58
2,77,binary,gbdt,0.004231666476406465,20,0.5,0.8,5,10,0.00889720575354708,0.0,0.7,0.1,0.82,0.64,0.85,0.8,0.84,0.8,0.89,0.55,0.82,0.64,0.81,0.84,0.84,0.8,0.56,296,215,54,55,296,281,70,55
2,28,binary,gbdt,0.0028439964909491243,20,0.6,0.7,5,10,0.0031772168194827578,0.2,0.7,0.1,0.82,0.64,0.84,0.79,0.84,0.79,0.89,0.55,0.82,0.64,0.8,0.83,0.84,0.79,0.55,296,213,56,55,296,278,73,55
2,30,binary,gbdt,0.004477490767823563,15,0.5,0.6,3,30,0.006156931710346903,0.2,0.4,0.1,0.82,0.64,0.84,0.8,0.85,0.79,0.89,0.55,0.82,0.64,0.8,0.84,0.85,0.79,0.55,297,213,56,54,297,278,73,54
2,78,binary,gbdt,0.004592739988950461,20,0.5,0.8,5,10,0.018207188157605428,0.0,0.7,0.1,0.83,0.65,0.85,0.8,0.85,0.8,0.89,0.56,0.82,0.65,0.81,0.84,0.85,0.8,0.56,297,216,53,54,297,282,69,54
2,12,binary,gbdt,0.004948608450723505,15,0.7,0.8,7,40,0.0010847531983318138,0.1,0.7,0.1,0.82,0.64,0.84,0.8,0.85,0.79,0.89,0.55,0.82,0.64,0.8,0.84,0.85,0.79,0.55,297,213,56,54,297,278,73,54
2,51,binary,gbdt,0.004193992592077334,20,0.6,0.7,3,20,0.02149047243159083,0.1,0.4,0.4,0.82,0.64,0.85,0.8,0.84,0.8,0.89,0.55,0.82,0.64,0.81,0.84,0.84,0.8,0.56,296,215,54,55,296,281,70,55
2,31,binary,gbdt,0.003969387151341788,20,0.5,0.7,5,30,0.009280889025481394,0.2,0.7,0.1,0.83,0.65,0.84,0.8,0.85,0.8,0.89,0.56,0.82,0.64,0.81,0.84,0.85,0.79,0.56,298,214,55,53,298,279,72,53
2,79,binary,gbdt,0.004998100816270525,20,0.7,0.9,5,10,0.01589698441951077,0.0,0.7,0.1,0.81,0.62,0.84,0.78,0.83,0.8,0.89,0.54,0.81,0.62,0.8,0.82,0.83,0.79,0.54,291,214,55,60,291,279,72,60
3,50,binary,gbdt,0.0026089797305536176,15,0.7,0.7,5,30,0.007929552295171179,0.2,0.9999999999999999,0.4,0.81,0.61,0.81,0.81,0.87,0.74,0.89,0.52,0.8,0.61,0.77,0.85,0.87,0.74,0.52,304,198,71,47,304,258,93,47
2,50,binary,gbdt,0.0026089797305536176,15,0.7,0.7,5,30,0.007929552295171179,0.2,0.9999999999999999,0.4,0.82,0.63,0.84,0.79,0.83,0.79,0.89,0.54,0.81,0.63,0.8,0.83,0.83,0.79,0.54,293,213,56,58,293,278,73,58
1,0,binary,dart,0.0014928893342190763,5,0.9,0.7,1,40,0.009742458762890835,0.2,0.9999999999999999,0.4,0.8,0.59,0.79,0.82,0.88,0.69,0.89,0.5,0.79,0.58,0.74,0.86,0.88,0.69,0.5,311,185,83,41,311,243,109,41
2,80,binary,dart,0.00437450861068609,20,0.5,0.8,7,10,0.013269255617699774,0.0,0.7,0.1,0.82,0.64,0.83,0.81,0.86,0.78,0.89,0.55,0.82,0.64,0.79,0.85,0.86,0.78,0.55,302,209,60,49,302,273,78,49
3,80,binary,dart,0.00437450861068609,20,0.5,0.8,7,10,0.013269255617699774,0.0,0.7,0.1,0.8,0.6,0.79,0.82,0.88,0.7,0.89,0.51,0.79,0.6,0.75,0.86,0.88,0.7,0.51,310,189,80,41,310,247,104,41
2,11,binary,gbdt,0.004912781788816002,15,0.7,0.9,7,40,0.0014113277523368935,0.1,0.7,0.1,0.83,0.65,0.84,0.8,0.85,0.8,0.89,0.56,0.82,0.64,0.81,0.84,0.85,0.79,0.56,298,214,55,53,298,279,72,53
2,49,binary,gbdt,0.004973995987649795,10,0.5,0.8,5,20,0.0023643141553542552,0.1,0.4,0.1,0.82,0.63,0.84,0.79,0.84,0.8,0.89,0.54,0.82,0.63,0.8,0.83,0.84,0.79,0.54,294,214,55,57,294,279,72,57
3,29,binary,dart,0.0035882006603218256,20,0.7,0.8,5,40,0.008601450186923616,0.2,0.9999999999999999,0.7,0.8,0.6,0.8,0.8,0.86,0.72,0.89,0.51,0.79,0.59,0.76,0.84,0.86,0.72,0.5,303,195,74,48,303,254,97,48
2,52,binary,gbdt,0.0037209866834847748,20,0.6,0.7,3,20,0.03341515577734923,0.1,0.4,0.7,0.82,0.64,0.85,0.79,0.84,0.8,0.89,0.55,0.82,0.64,0.81,0.83,0.84,0.8,0.55,295,215,54,56,295,281,70,56
2,53,binary,gbdt,0.003501930532023668,20,0.7,0.7,1,20,0.04893499657187613,0.1,0.1,0.1,0.82,0.64,0.84,0.8,0.85,0.79,0.89,0.55,0.82,0.64,0.8,0.84,0.85,0.79,0.55,298,213,56,53,298,278,73,53
2,74,binary,gbdt,0.004628492213230162,20,0.6,0.9,5,10,0.009773347008827515,0.0,0.7,0.1,0.82,0.63,0.84,0.79,0.84,0.79,0.89,0.54,0.81,0.63,0.8,0.83,0.84,0.79,0.54,294,213,56,57,294,278,73,57
2,14,binary,gbdt,0.002447492294278769,20,0.6,0.8,7,20,0.001976483225185461,0.0,0.9999999999999999,0.4,0.81,0.62,0.83,0.79,0.84,0.78,0.89,0.53,0.81,0.62,0.79,0.83,0.84,0.78,0.53,294,210,59,57,294,274,77,57
2,75,binary,gbdt,0.004368652469795223,20,0.5,0.9,5,10,0.013836612680750156,0.0,0.7,0.1,0.82,0.63,0.84,0.79,0.84,0.79,0.89,0.54,0.81,0.63,0.8,0.83,0.84,0.79,0.54,295,212,57,56,295,277,74,56
2,54,binary,gbdt,0.004090267616480246,20,0.5,0.7,3,10,0.017545598889882937,0.1,0.4,0.4,0.82,0.64,0.84,0.8,0.85,0.79,0.89,0.55,0.82,0.64,0.8,0.84,0.85,0.79,0.55,297,213,56,54,297,278,73,54
2,29,binary,dart,0.0035882006603218256,20,0.7,0.8,5,40,0.008601450186923616,0.2,0.9999999999999999,0.7,0.82,0.62,0.83,0.79,0.85,0.78,0.89,0.54,0.81,0.63,0.79,0.83,0.85,0.78,0.54,297,209,60,54,297,273,78,54
2,76,binary,gbdt,0.004939076228328089,20,0.6,0.8,5,10,0.011031990782834157,0.0,0.7,0.1,0.83,0.65,0.85,0.79,0.84,0.81,0.89,0.56,0.82,0.65,0.81,0.83,0.84,0.81,0.56,295,217,52,56,295,283,68,56
3,14,binary,gbdt,0.002447492294278769,20,0.6,0.8,7,20,0.001976483225185461,0.0,0.9999999999999999,0.4,0.81,0.6,0.8,0.81,0.87,0.72,0.89,0.52,0.8,0.6,0.76,0.85,0.87,0.72,0.51,307,193,76,44,307,252,99,44
2,15,binary,gbdt,0.002256713746926198,20,0.6,0.8,5,20,0.0023733153082907193,0.0,0.9999999999999999,0.4,0.82,0.63,0.83,0.79,0.84,0.78,0.89,0.54,0.81,0.63,0.79,0.83,0.84,0.78,0.54,296,210,59,55,296,274,77,55
3,13,binary,gbdt,0.0022821529758991982,15,0.8,0.9,5,40,0.0018992681845587463,0.1,0.7,0.7,0.81,0.6,0.81,0.81,0.87,0.73,0.89,0.52,0.8,0.6,0.76,0.84,0.87,0.73,0.51,304,196,73,47,304,256,95,47
3,15,binary,gbdt,0.002256713746926198,20,0.6,0.8,5,20,0.0023733153082907193,0.0,0.9999999999999999,0.4,0.8,0.6,0.8,0.81,0.87,0.72,0.89,0.51,0.79,0.6,0.76,0.85,0.87,0.72,0.51,306,193,76,45,306,252,99,45
3,9,binary,dart,0.0033638098373512245,10,0.9,0.8,7,20,0.004845624575867189,0.0,0.1,0.1,0.81,0.6,0.81,0.8,0.86,0.73,0.88,0.52,0.8,0.6,0.76,0.84,0.86,0.73,0.51,303,197,72,48,303,257,94,48
2,0,binary,dart,0.0014928893342190763,5,0.9,0.7,1,40,0.009742458762890835,0.2,0.9999999999999999,0.4,0.8,0.59,0.78,0.84,0.9,0.66,0.88,0.5,0.78,0.58,0.73,0.87,0.9,0.66,0.49,317,177,92,34,317,231,120,34
3,38,binary,dart,0.0010718571822031452,10,0.5,0.7,3,30,0.011045790609629869,0.2,0.4,0.4,0.77,0.53,0.75,0.81,0.89,0.61,0.88,0.45,0.75,0.52,0.7,0.85,0.89,0.61,0.44,312,165,104,39,312,215,136,39
4,0,binary,dart,0.0014928893342190763,5,0.9,0.7,1,40,0.009742458762890835,0.2,0.9999999999999999,0.4,0.79,0.56,0.78,0.8,0.87,0.68,0.88,0.48,0.77,0.56,0.73,0.84,0.87,0.68,0.47,305,183,86,46,305,239,112,46
3,99,binary,gbdt,0.003951080725542105,5,0.5,0.9,5,10,0.027518419204939304,0.0,0.7,0.1,0.79,0.56,0.78,0.8,0.87,0.68,0.88,0.48,0.77,0.56,0.73,0.84,0.87,0.68,0.47,306,182,87,45,306,237,114,45
2,1,binary,dart,0.003007758792262021,20,0.5,0.9,1,30,0.004348900050479972,0.2,0.4,0.4,0.82,0.64,0.83,0.81,0.87,0.77,0.88,0.55,0.82,0.64,0.79,0.85,0.87,0.77,0.55,304,207,62,47,304,270,81,47
0,0,binary,dart,0.0014928893342190763,5,0.9,0.7,1,40,0.009742458762890835,0.2,0.9999999999999999,0.4,0.81,0.61,0.79,0.85,0.91,0.68,0.88,0.52,0.79,0.6,0.74,0.88,0.91,0.68,0.51,320,181,87,32,320,238,114,32
3,4,binary,gbdt,0.00399033131253107,5,0.6,0.6,5,30,0.004362705344191273,0.1,0.1,0.9999999999999999,0.79,0.56,0.78,0.8,0.87,0.68,0.88,0.48,0.77,0.56,0.73,0.84,0.87,0.68,0.47,304,184,85,47,304,240,111,47
2,38,binary,dart,0.0010718571822031452,10,0.5,0.7,3,30,0.011045790609629869,0.2,0.4,0.4,0.8,0.59,0.79,0.82,0.88,0.69,0.88,0.51,0.79,0.59,0.74,0.86,0.88,0.69,0.5,310,186,83,41,310,243,108,41
3,45,binary,gbdt,0.0031675542545420207,5,0.5,0.8,7,30,0.0014276957652649314,0.1,0.4,0.1,0.78,0.56,0.77,0.8,0.87,0.67,0.88,0.47,0.77,0.55,0.73,0.84,0.87,0.67,0.47,306,180,89,45,306,235,116,45
3,3,binary,dart,0.0021435913583115196,10,0.5,0.7,5,10,0.04324315059769658,0.0,0.1,0.4,0.78,0.55,0.76,0.81,0.88,0.65,0.88,0.47,0.76,0.54,0.71,0.84,0.88,0.65,0.46,309,174,95,42,309,227,124,42
2,8,binary,dart,0.003286154252574204,5,0.9,0.6,1,30,0.004933393221558848,0.0,0.7,0.7,0.81,0.61,0.8,0.83,0.89,0.7,0.88,0.52,0.8,0.6,0.75,0.86,0.89,0.7,0.51,312,189,80,39,312,247,104,39
0,8,binary,dart,0.003286154252574204,5,0.9,0.6,1,30,0.004933393221558848,0.0,0.7,0.7,0.81,0.62,0.82,0.81,0.86,0.75,0.88,0.53,0.81,0.61,0.77,0.85,0.86,0.75,0.53,304,200,68,48,304,263,89,48
2,7,binary,dart,0.003210839348375793,5,0.6,0.7,3,10,0.02329960903411058,0.1,0.4,0.9999999999999999,0.8,0.6,0.79,0.82,0.89,0.7,0.88,0.51,0.79,0.59,0.75,0.86,0.89,0.7,0.51,311,188,81,40,311,245,106,40
2,3,binary,dart,0.0021435913583115196,10,0.5,0.7,5,10,0.04324315059769658,0.0,0.1,0.4,0.81,0.62,0.81,0.82,0.88,0.73,0.88,0.53,0.8,0.61,0.76,0.86,0.88,0.73,0.52,308,196,73,43,308,256,95,43
3,8,binary,dart,0.003286154252574204,5,0.9,0.6,1,30,0.004933393221558848,0.0,0.7,0.7,0.77,0.53,0.76,0.8,0.88,0.63,0.87,0.45,0.75,0.53,0.7,0.84,0.88,0.63,0.44,308,170,99,43,308,222,129,43
3,7,binary,dart,0.003210839348375793,5,0.6,0.7,3,10,0.02329960903411058,0.1,0.4,0.9999999999999999,0.77,0.52,0.75,0.81,0.89,0.6,0.87,0.44,0.75,0.52,0.69,0.85,0.89,0.6,0.43,313,162,107,38,313,211,140,38
3,0,binary,dart,0.0014928893342190763,5,0.9,0.7,1,40,0.009742458762890835,0.2,0.9999999999999999,0.4,0.76,0.5,0.73,0.81,0.89,0.58,0.86,0.43,0.74,0.5,0.68,0.85,0.89,0.58,0.42,314,155,114,37,314,202,149,37
